,Equity Name,Trade,Entry Time,Entry Price,Exit Time,Exit Price,Quantity,Position Size,PNL,% PNL,Exit Type,Holding Period
0,RELIANCE,Long Closed,1996-02-16,17.64,1996-04-05,16.14,2834.0,49988.304,-4251.0,-8.504,Exit Trigger,49 days
1,RELIANCE,Long Closed,1996-04-24,19.12,1996-06-18,18.64,2615.0,49989.425,-1255.2,-2.511,Exit Trigger,55 days
2,RELIANCE,Long Closed,1996-08-13,16.05,1996-08-16,15.98,3114.0,49988.536,-217.98,-0.436,Exit Trigger,3 days
3,RELIANCE,Long Closed,1996-08-30,16.33,1996-09-17,14.93,3061.0,49990.246,-4285.4,-8.572,Exit Trigger,18 days
4,RELIANCE,Long Closed,1996-11-12,14.19,1996-11-21,14.12,3523.0,49999.314,-246.61,-0.493,Exit Trigger,9 days
5,RELIANCE,Long Closed,1996-12-30,16.23,1997-04-15,20.71,3081.0,49995.091,13802.88,27.608,Exit Trigger,106 days
6,RELIANCE,Long Closed,1997-05-01,23.96,1997-09-03,26.65,2086.0,49979.189,5611.34,11.227,Exit Trigger,125 days
7,RELIANCE,Long Closed,1997-10-13,33.26,1997-11-27,25.22,1503.0,49987.352,-12084.12,-24.174,Exit Trigger,45 days
8,RELIANCE,Long Closed,1998-01-14,25.14,1998-01-30,23.26,1988.0,49984.28,-3737.44,-7.477,Exit Trigger,16 days
9,RELIANCE,Long Closed,1998-03-12,26.61,1998-05-25,27.77,1878.0,49979.019,2178.48,4.359,Exit Trigger,74 days
10,RELIANCE,Long Closed,1998-10-07,17.17,1998-10-14,16.34,2911.0,49995.268,-2416.13,-4.833,Exit Trigger,7 days
11,RELIANCE,Long Closed,1998-11-19,18.75,1999-02-26,21.73,2667.0,49993.105,7947.66,15.898,Exit Trigger,99 days
12,RELIANCE,Long Closed,1999-03-03,23.19,1999-04-06,18.41,2155.0,49981.883,-10300.9,-20.609,Exit Trigger,34 days
13,RELIANCE,Long Closed,1999-05-12,26.15,1999-08-09,27.36,1912.0,49996.349,2313.52,4.627,Exit Trigger,89 days
14,RELIANCE,Long Closed,1999-09-09,29.54,1999-11-25,35.57,1692.0,49976.979,10202.76,20.415,Exit Trigger,77 days
15,RELIANCE,Long Closed,2000-01-04,39.98,2000-03-10,36.21,1250.0,49976.544,-4712.5,-9.429,Exit Trigger,66 days
16,RELIANCE,Long Closed,2000-04-18,45.97,2000-06-06,52.3,1087.0,49968.45,6880.71,13.77,Exit Trigger,49 days
17,RELIANCE,Long Closed,2000-06-14,53.61,2000-08-10,51.37,932.0,49966.952,-2087.68,-4.178,Exit Trigger,57 days
18,RELIANCE,Long Closed,2000-09-13,59.72,2000-10-13,50.32,837.0,49982.758,-7867.8,-15.741,Exit Trigger,30 days
19,RELIANCE,Long Closed,2000-12-07,52.05,2001-03-30,60.98,960.0,49967.878,8572.8,17.157,Exit Trigger,113 days
20,RELIANCE,Long Closed,2001-05-29,61.74,2001-06-28,55.39,809.0,49944.205,-5137.15,-10.286,Exit Trigger,30 days
21,RELIANCE,Long Closed,2001-11-12,40.99,2002-02-12,47.97,1219.0,49963.097,8508.62,17.03,Exit Trigger,92 days
22,RELIANCE,Long Closed,2002-03-06,47.66,2002-03-14,45.96,1049.0,49990.778,-1783.3,-3.567,Exit Trigger,8 days
23,RELIANCE,Long Closed,2002-07-01,41.78,2002-07-10,42.39,1196.0,49973.418,729.56,1.46,Exit Trigger,9 days
24,RELIANCE,Long Closed,2002-09-12,39.89,2002-10-15,37.47,1253.0,49980.166,-3032.26,-6.067,Exit Trigger,33 days
25,RELIANCE,Long Closed,2002-11-19,42.06,2003-01-29,47.97,1188.0,49970.014,7021.08,14.051,Exit Trigger,71 days
26,RELIANCE,Long Closed,2003-03-05,44.96,2003-03-27,43.77,1112.0,49990.717,-1323.28,-2.647,Exit Trigger,22 days
27,RELIANCE,Long Closed,2003-04-15,45.33,2003-04-21,43.32,1102.0,49958.904,-2215.02,-4.434,Exit Trigger,6 days
28,RELIANCE,Long Closed,2003-06-06,48.74,2004-03-16,83.55,1025.0,49957.204,35680.25,71.422,Exit Trigger,284 days
29,RELIANCE,Long Closed,2004-04-27,86.65,2004-05-10,81.96,577.0,49995.114,-2706.13,-5.413,Exit Trigger,13 days
30,RELIANCE,Long Closed,2004-07-30,73.51,2004-12-01,80.92,680.0,49987.066,5038.8,10.08,Exit Trigger,124 days
31,RELIANCE,Long Closed,2005-01-18,79.39,2005-04-19,81.08,629.0,49936.3,1063.01,2.129,Exit Trigger,91 days
32,RELIANCE,Long Closed,2005-06-16,89.28,2006-06-13,220.41,560.0,49995.112,73432.8,146.88,Exit Trigger,362 days
33,RELIANCE,Long Closed,2006-07-12,256.62,2006-08-21,261.27,194.0,49783.799,902.1,1.812,Exit Trigger,40 days
34,RELIANCE,Long Closed,2006-08-22,267.46,2007-01-09,320.66,186.0,49748.433,9895.2,19.89,Exit Trigger,140 days
35,RELIANCE,Long Closed,2007-01-12,324.1,2007-03-19,322.22,154.0,49911.838,-289.52,-0.58,Exit Trigger,66 days
36,RELIANCE,Long Closed,2007-04-17,362.81,2008-01-31,612.2,137.0,49705.095,34166.43,68.738,Exit Trigger,289 days
37,RELIANCE,Long Closed,2008-04-23,646.87,2008-06-09,540.38,77.0,49808.863,-8199.73,-16.462,Exit Trigger,47 days
38,RELIANCE,Long Closed,2008-08-12,579.51,2008-09-15,467.99,86.0,49837.588,-9590.72,-19.244,Exit Trigger,34 days
39,RELIANCE,Long Closed,2008-12-31,310.56,2009-02-05,329.13,161.0,49999.555,2989.77,5.98,Exit Trigger,36 days
40,RELIANCE,Long Closed,2009-02-10,343.96,2009-03-19,331.36,145.0,49874.863,-1827.0,-3.663,Exit Trigger,37 days
41,RELIANCE,Long Closed,2009-03-24,359.11,2009-07-08,459.51,139.0,49916.084,13955.6,27.958,Exit Trigger,106 days
42,RELIANCE,Long Closed,2009-08-25,486.69,2009-11-06,477.97,102.0,49642.044,-889.44,-1.792,Exit Trigger,73 days
43,RELIANCE,Long Closed,2009-12-03,547.26,2010-02-05,482.92,91.0,49800.889,-5854.94,-11.757,Exit Trigger,64 days
44,RELIANCE,Long Closed,2010-03-29,546.67,2010-05-12,532.97,91.0,49746.802,-1246.7,-2.506,Exit Trigger,44 days
45,RELIANCE,Long Closed,2010-06-25,520.07,2010-08-05,505.19,96.0,49926.744,-1428.48,-2.861,Exit Trigger,41 days
46,RELIANCE,Long Closed,2010-10-04,502.71,2010-12-01,487.88,99.0,49768.271,-1468.17,-2.95,Exit Trigger,58 days
47,RELIANCE,Long Closed,2011-01-05,534.93,2011-01-27,478.46,93.0,49748.433,-5251.71,-10.557,Exit Trigger,22 days
48,RELIANCE,Long Closed,2011-03-16,517.59,2011-05-06,472.03,96.0,49689.0,-4373.76,-8.802,Exit Trigger,51 days
49,RELIANCE,Long Closed,2011-09-28,396.12,2011-12-02,394.76,126.0,49911.142,-171.36,-0.343,Exit Trigger,65 days
50,RELIANCE,Long Closed,2012-02-02,413.58,2012-03-22,379.35,120.0,49629.562,-4107.6,-8.277,Exit Trigger,49 days
51,RELIANCE,Long Closed,2012-06-26,355.38,2012-11-07,397.23,140.0,49753.389,5859.0,11.776,Exit Trigger,134 days
52,RELIANCE,Long Closed,2012-12-20,417.02,2013-02-28,414.67,119.0,49625.622,-279.65,-0.564,Exit Trigger,70 days
53,RELIANCE,Long Closed,2013-05-21,411.65,2013-06-25,396.1,121.0,49809.406,-1881.55,-3.777,Exit Trigger,35 days
54,RELIANCE,Long Closed,2013-07-03,426.21,2013-08-23,403.03,117.0,49866.565,-2712.06,-5.439,Exit Trigger,51 days
55,RELIANCE,Long Closed,2013-09-26,419.35,2013-12-02,422.5,119.0,49902.647,374.85,0.751,Exit Trigger,67 days
56,RELIANCE,Long Closed,2014-01-02,439.68,2014-01-10,420.19,113.0,49684.094,-2202.37,-4.433,Exit Trigger,8 days
57,RELIANCE,Long Closed,2014-01-13,430.05,2014-01-29,420.91,116.0,49885.636,-1060.24,-2.125,Exit Trigger,16 days
58,RELIANCE,Long Closed,2014-03-21,449.24,2014-07-09,496.3,111.0,49865.822,5223.66,10.475,Exit Trigger,110 days
59,RELIANCE,Long Closed,2014-09-09,511.2,2014-09-30,459.64,97.0,49586.816,-5001.32,-10.086,Exit Trigger,21 days
60,RELIANCE,Long Closed,2014-11-25,487.92,2014-12-17,428.56,102.0,49768.346,-6054.72,-12.166,Exit Trigger,22 days
61,RELIANCE,Long Closed,2015-02-12,449.74,2015-03-10,430.4,111.0,49920.8,-2146.74,-4.3,Exit Trigger,26 days
62,RELIANCE,Long Closed,2015-04-28,433.24,2015-08-20,475.47,115.0,49822.978,4856.45,9.747,Exit Trigger,114 days
63,RELIANCE,Long Closed,2015-10-23,477.45,2016-02-15,454.69,104.0,49654.722,-2367.04,-4.767,Exit Trigger,115 days
64,RELIANCE,Long Closed,2016-03-22,513.63,2016-05-11,481.34,97.0,49822.235,-3132.13,-6.287,Exit Trigger,50 days
65,RELIANCE,Long Closed,2016-07-05,488.42,2016-11-09,470.54,102.0,49818.866,-1823.76,-3.661,Exit Trigger,127 days
66,RELIANCE,Long Closed,2016-12-27,519.01,2017-02-09,509.17,96.0,49824.516,-944.64,-1.896,Exit Trigger,44 days
67,RELIANCE,Long Closed,2017-02-27,589.66,2017-05-29,662.22,84.0,49531.489,6095.04,12.305,Exit Trigger,91 days
68,RELIANCE,Long Closed,2017-06-27,709.28,2017-12-28,916.56,70.0,49649.376,14509.6,29.224,Exit Trigger,184 days
69,RELIANCE,Long Closed,2018-01-10,934.15,2018-02-23,916.71,53.0,49509.699,-924.32,-1.867,Exit Trigger,44 days
70,RELIANCE,Long Closed,2018-04-25,964.51,2018-06-11,977.83,51.0,49189.88,679.32,1.381,Exit Trigger,47 days
71,RELIANCE,Long Closed,2018-06-19,1004.38,2018-10-10,1083.63,49.0,49214.593,3883.25,7.89,Exit Trigger,113 days
72,RELIANCE,Long Closed,2018-12-07,1118.84,2019-01-11,1097.2,44.0,49229.157,-952.16,-1.934,Exit Trigger,35 days
73,RELIANCE,Long Closed,2019-01-23,1221.72,2019-05-21,1319.69,40.0,48868.774,3918.8,8.019,Exit Trigger,118 days
74,RELIANCE,Long Closed,2019-09-11,1211.02,2019-09-20,1176.8,41.0,49651.851,-1403.02,-2.826,Exit Trigger,9 days
75,RELIANCE,Long Closed,2019-09-30,1297.7,2020-01-21,1514.25,38.0,49312.566,8228.9,16.687,Exit Trigger,113 days
76,RELIANCE,Long Closed,2020-05-04,1426.48,2020-10-29,1997.0,35.0,49926.744,19968.2,39.995,Exit Trigger,178 days
77,RELIANCE,Long Closed,2021-01-05,1969.0,2021-01-11,1938.8,25.0,49225.0,-755.0,-1.534,Exit Trigger,6 days
78,RELIANCE,Long Closed,2021-01-22,2111.0,2021-01-28,1880.15,23.0,48553.0,-5309.55,-10.936,Exit Trigger,6 days
79,RELIANCE,Long Closed,2021-02-16,2039.75,2021-02-22,2080.0,24.0,48954.0,966.0,1.973,Exit Trigger,6 days
80,RELIANCE,Long Closed,2021-02-24,2030.0,2021-04-13,1924.0,24.0,48720.0,-2544.0,-5.222,Exit Trigger,48 days
81,RELIANCE,Long Closed,2021-06-03,2221.0,2021-07-23,2134.45,22.0,48862.0,-1904.1,-3.897,Exit Trigger,50 days
82,RELIANCE,Long Closed,2021-08-27,2237.0,2021-11-24,2380.0,22.0,49214.0,3146.0,6.392,Exit Trigger,89 days
83,RELIANCE,Long Closed,2022-01-19,2530.0,2022-02-15,2351.2,19.0,48070.0,-3397.2,-7.067,Exit Trigger,27 days
84,RELIANCE,Long Closed,2022-03-29,2638.0,2022-05-27,2593.05,18.0,47484.0,-809.1,-1.704,Exit Trigger,59 days
85,RELIANCE,Long Closed,2022-06-13,2650.0,2022-07-01,2574.9,18.0,47700.0,-1351.8,-2.834,Exit Trigger,18 days
86,TCS,Long Closed,2002-09-10,40.94,2002-10-03,37.25,1221.0,49984.688,-4505.49,-9.014,Exit Trigger,23 days
87,TCS,Long Closed,2002-11-26,42.62,2003-02-07,50.14,1173.0,49999.125,8820.96,17.642,Exit Trigger,73 days
88,TCS,Long Closed,2004-05-07,116.25,2004-07-15,91.75,430.0,49987.5,-10535.0,-21.075,Exit Trigger,69 days
89,TCS,Long Closed,2004-07-16,93.72,2005-04-21,140.62,533.0,49955.424,24997.7,50.04,Exit Trigger,279 days
90,TCS,Long Closed,2005-06-13,159.38,2005-08-29,171.25,313.0,49884.375,3715.31,7.448,Exit Trigger,77 days
91,TCS,Long Closed,2005-09-09,168.88,2005-11-09,184.62,296.0,49987.0,4659.04,9.321,Exit Trigger,61 days
92,TCS,Long Closed,2005-11-18,189.0,2006-02-08,208.25,264.0,49896.0,5082.0,10.185,Exit Trigger,82 days
93,TCS,Long Closed,2006-03-07,217.52,2006-06-01,228.12,229.0,49812.081,2427.4,4.873,Exit Trigger,86 days
94,TCS,Long Closed,2006-07-21,224.75,2007-03-08,297.5,222.0,49894.5,16150.5,32.369,Exit Trigger,230 days
95,TCS,Long Closed,2007-05-08,317.5,2007-06-04,307.0,157.0,49847.5,-1648.5,-3.307,Exit Trigger,27 days
96,TCS,Long Closed,2007-10-19,286.96,2007-11-13,240.96,174.0,49931.474,-8004.0,-16.03,Exit Trigger,25 days
97,TCS,Long Closed,2007-12-26,278.75,2008-01-22,203.68,179.0,49896.25,-13437.53,-26.931,Exit Trigger,27 days
98,TCS,Long Closed,2008-04-21,252.25,2008-06-24,212.5,198.0,49945.5,-7870.5,-15.758,Exit Trigger,64 days
99,TCS,Long Closed,2008-09-04,211.25,2008-09-18,182.0,236.0,49855.0,-6903.0,-13.846,Exit Trigger,14 days
100,TCS,Long Closed,2009-02-03,123.25,2009-02-05,125.0,405.0,49916.25,708.75,1.42,Exit Trigger,2 days
101,TCS,Long Closed,2009-03-31,131.25,2010-05-05,375.0,380.0,49875.0,92625.0,185.714,Exit Trigger,400 days
102,TCS,Long Closed,2010-06-25,387.9,2011-02-22,561.33,128.0,49651.199,22199.04,44.71,Exit Trigger,242 days
103,TCS,Long Closed,2011-04-08,598.45,2011-05-25,574.55,83.0,49671.351,-1983.7,-3.994,Exit Trigger,47 days
104,TCS,Long Closed,2011-07-04,596.5,2011-07-13,575.0,83.0,49509.5,-1784.5,-3.604,Exit Trigger,9 days
105,TCS,Long Closed,2011-07-20,575.0,2011-07-29,566.5,86.0,49450.0,-731.0,-1.478,Exit Trigger,9 days
106,TCS,Long Closed,2011-10-10,524.0,2012-01-25,547.45,95.0,49780.0,2227.75,4.475,Exit Trigger,107 days
107,TCS,Long Closed,2012-02-17,617.42,2012-03-30,572.75,80.0,49393.999,-3573.6,-7.235,Exit Trigger,42 days
108,TCS,Long Closed,2012-05-14,613.65,2012-07-26,606.5,81.0,49705.652,-579.15,-1.165,Exit Trigger,73 days
109,TCS,Long Closed,2012-08-22,647.95,2012-10-16,648.5,77.0,49892.151,42.35,0.085,Exit Trigger,55 days
110,TCS,Long Closed,2012-12-05,650.0,2012-12-07,638.33,76.0,49400.0,-886.92,-1.795,Exit Trigger,2 days
111,TCS,Long Closed,2013-01-18,681.25,2013-04-26,696.5,73.0,49731.25,1113.25,2.239,Exit Trigger,98 days
112,TCS,Long Closed,2013-06-10,762.53,2013-06-28,747.5,65.0,49564.127,-976.95,-1.971,Exit Trigger,18 days
113,TCS,Long Closed,2013-07-02,746.55,2013-07-08,764.0,66.0,49272.299,1151.7,2.337,Exit Trigger,6 days
114,TCS,Long Closed,2013-07-15,800.55,2013-12-03,1008.03,62.0,49634.099,12863.76,25.917,Exit Trigger,141 days
115,TCS,Long Closed,2013-12-31,1080.05,2014-02-20,1103.0,46.0,49682.302,1055.7,2.125,Exit Trigger,51 days
116,TCS,Long Closed,2014-04-25,1113.5,2014-05-28,1070.0,44.0,48994.0,-1914.0,-3.907,Exit Trigger,33 days
117,TCS,Long Closed,2014-06-23,1146.5,2014-11-10,1287.55,43.0,49299.5,6065.15,12.303,Exit Trigger,140 days
118,TCS,Long Closed,2015-02-10,1255.0,2015-04-08,1297.0,39.0,48945.0,1638.0,3.347,Exit Trigger,57 days
119,TCS,Long Closed,2015-06-02,1308.0,2015-07-22,1280.5,38.0,49704.0,-1045.0,-2.102,Exit Trigger,50 days
120,TCS,Long Closed,2015-08-19,1375.0,2015-09-21,1275.0,36.0,49500.0,-3600.0,-7.273,Exit Trigger,33 days
121,TCS,Long Closed,2015-10-14,1274.0,2015-10-15,1245.0,39.0,49686.0,-1131.0,-2.276,Exit Trigger,1 days
122,TCS,Long Closed,2016-03-22,1221.0,2016-07-11,1215.0,40.0,48840.0,-240.0,-0.491,Exit Trigger,111 days
123,TCS,Long Closed,2016-08-09,1329.0,2016-09-14,1181.0,37.0,49173.0,-5476.0,-11.136,Exit Trigger,36 days
124,TCS,Long Closed,2017-01-03,1180.62,2017-02-10,1155.5,42.0,49586.25,-1055.04,-2.128,Exit Trigger,38 days
125,TCS,Long Closed,2017-02-14,1209.82,2017-04-19,1131.75,41.0,49602.823,-3200.87,-6.453,Exit Trigger,64 days
126,TCS,Long Closed,2017-05-29,1289.5,2017-07-06,1179.5,38.0,49001.0,-4180.0,-8.53,Exit Trigger,38 days
127,TCS,Long Closed,2017-08-07,1258.25,2017-09-20,1257.0,39.0,49071.75,-48.75,-0.099,Exit Trigger,44 days
128,TCS,Long Closed,2017-10-17,1292.5,2017-12-21,1293.5,38.0,49115.0,38.0,0.077,Exit Trigger,65 days
129,TCS,Long Closed,2018-01-16,1378.0,2018-03-23,1401.0,36.0,49608.0,828.0,1.669,Exit Trigger,66 days
130,TCS,Long Closed,2018-04-23,1712.0,2018-10-25,1844.0,29.0,49648.0,3828.0,7.71,Exit Trigger,185 days
131,TCS,Long Closed,2018-12-17,1999.0,2019-01-11,1870.0,25.0,49975.0,-3225.0,-6.453,Exit Trigger,25 days
132,TCS,Long Closed,2019-02-08,2075.0,2019-07-23,2127.9,24.0,49800.0,1269.6,2.549,Exit Trigger,165 days
133,TCS,Long Closed,2019-08-26,2247.0,2019-09-26,2097.9,22.0,49434.0,-3280.2,-6.636,Exit Trigger,31 days
134,TCS,Long Closed,2019-11-13,2118.0,2019-12-10,2060.0,23.0,48714.0,-1334.0,-2.738,Exit Trigger,27 days
135,TCS,Long Closed,2020-01-01,2168.0,2020-02-13,2172.95,23.0,49864.0,113.85,0.228,Exit Trigger,43 days
136,TCS,Long Closed,2020-05-14,1910.0,2021-03-03,3035.0,26.0,49660.0,29250.0,58.901,Exit Trigger,293 days
137,TCS,Long Closed,2021-04-08,3270.0,2021-05-18,3100.0,15.0,49050.0,-2550.0,-5.199,Exit Trigger,40 days
138,TCS,Long Closed,2021-06-15,3298.0,2021-08-02,3180.0,15.0,49470.0,-1770.0,-3.578,Exit Trigger,48 days
139,TCS,Long Closed,2021-08-17,3482.1,2021-10-26,3494.5,14.0,48749.401,173.6,0.356,Exit Trigger,70 days
140,TCS,Long Closed,2021-12-21,3582.65,2022-02-22,3650.0,13.0,46574.449,875.55,1.88,Exit Trigger,63 days
141,TCS,Long Closed,2022-04-07,3745.5,2022-05-02,3519.9,13.0,48691.5,-2932.8,-6.023,Exit Trigger,25 days
142,TCS,Long Closed,2022-08-17,3385.1,2022-09-15,3130.0,14.0,47391.401,-3571.4,-7.536,Exit Trigger,29 days
143,INFY,Long Closed,1996-02-08,0.85,1996-08-05,1.35,58850.0,49999.491,29425.0,58.851,Exit Trigger,179 days
144,INFY,Long Closed,1996-10-25,1.33,1997-11-06,5.06,37647.0,49999.922,140423.31,280.847,Exit Trigger,377 days
145,INFY,Long Closed,1998-03-02,5.58,1998-06-23,7.52,8957.0,49998.25,17376.58,34.754,Exit Trigger,113 days
146,INFY,Long Closed,1998-07-17,10.33,1998-09-11,9.38,4839.0,49996.699,-4597.05,-9.195,Exit Trigger,56 days
147,INFY,Long Closed,1998-11-16,9.34,1998-12-02,9.22,5355.0,49993.94,-642.6,-1.285,Exit Trigger,16 days
148,INFY,Long Closed,1998-12-08,9.81,1999-04-15,20.82,5095.0,49994.688,56095.95,112.204,Exit Trigger,128 days
149,INFY,Long Closed,1999-05-18,24.06,2000-04-10,153.37,2077.0,49977.812,268576.87,537.392,Exit Trigger,328 days
150,INFY,Long Closed,2000-06-22,132.81,2000-08-02,103.5,376.0,49937.5,-11020.56,-22.069,Exit Trigger,41 days
151,INFY,Long Closed,2000-09-04,131.25,2000-10-11,110.94,380.0,49875.0,-7717.8,-15.474,Exit Trigger,37 days
152,INFY,Long Closed,2000-11-21,119.22,2000-12-22,98.36,419.0,49952.656,-8740.34,-17.497,Exit Trigger,31 days
153,INFY,Long Closed,2001-02-08,100.86,2001-03-05,76.58,495.0,49925.391,-12018.6,-24.073,Exit Trigger,25 days
154,INFY,Long Closed,2001-05-28,65.39,2001-06-25,53.3,764.0,49956.648,-9236.76,-18.49,Exit Trigger,28 days
155,INFY,Long Closed,2001-08-06,60.39,2001-09-07,51.25,827.0,49943.047,-7558.78,-15.135,Exit Trigger,32 days
156,INFY,Long Closed,2001-11-06,45.17,2002-02-01,61.74,1106.0,49960.094,18326.42,36.682,Exit Trigger,87 days
157,INFY,Long Closed,2002-03-20,61.8,2002-04-10,56.56,809.0,49993.672,-4239.16,-8.479,Exit Trigger,21 days
158,INFY,Long Closed,2002-08-28,53.12,2003-01-29,67.81,941.0,49990.625,13823.29,27.652,Exit Trigger,154 days
159,INFY,Long Closed,2003-06-24,47.28,2004-02-13,83.88,1057.0,49976.281,38686.2,77.409,Exit Trigger,234 days
160,INFY,Long Closed,2004-04-16,84.3,2004-05-19,78.28,593.0,49988.047,-3569.86,-7.141,Exit Trigger,33 days
161,INFY,Long Closed,2004-06-18,81.25,2005-01-17,123.88,615.0,49968.75,26217.45,52.468,Exit Trigger,213 days
162,INFY,Long Closed,2005-02-18,135.62,2005-04-19,120.88,368.0,49910.0,-5424.32,-10.868,Exit Trigger,60 days
163,INFY,Long Closed,2005-05-31,138.44,2005-08-01,137.62,361.0,49975.938,-296.02,-0.592,Exit Trigger,62 days
164,INFY,Long Closed,2005-08-30,144.31,2006-02-03,176.75,346.0,49932.125,11224.24,22.479,Exit Trigger,157 days
165,INFY,Long Closed,2006-03-22,185.0,2006-05-31,185.62,270.0,49950.0,167.4,0.335,Exit Trigger,70 days
166,INFY,Long Closed,2006-07-13,218.5,2007-03-09,266.29,228.0,49818.0,10896.12,21.872,Exit Trigger,239 days
167,INFY,Long Closed,2007-07-27,250.12,2007-08-08,236.25,199.0,49774.875,-2760.13,-5.545,Exit Trigger,12 days
168,INFY,Long Closed,2007-10-11,262.5,2007-11-08,214.84,190.0,49875.0,-9055.4,-18.156,Exit Trigger,28 days
169,INFY,Long Closed,2008-01-04,218.43,2008-01-23,181.12,228.0,49800.901,-8506.68,-17.081,Exit Trigger,19 days
170,INFY,Long Closed,2008-04-23,200.0,2008-07-07,222.5,250.0,50000.0,5625.0,11.25,Exit Trigger,75 days
171,INFY,Long Closed,2008-09-01,218.75,2008-09-30,171.25,228.0,49875.0,-10830.0,-21.714,Exit Trigger,29 days
172,INFY,Long Closed,2009-01-22,154.38,2009-03-13,156.18,323.0,49863.125,581.4,1.166,Exit Trigger,50 days
173,INFY,Long Closed,2009-03-26,168.12,2009-11-05,278.27,297.0,49933.125,32714.55,65.517,Exit Trigger,224 days
174,INFY,Long Closed,2009-11-19,295.98,2010-02-16,312.5,168.0,49724.852,2775.36,5.581,Exit Trigger,89 days
175,INFY,Long Closed,2010-03-10,334.36,2010-05-17,329.38,149.0,49820.011,-742.02,-1.489,Exit Trigger,68 days
176,INFY,Long Closed,2010-06-23,343.39,2010-09-01,339.23,145.0,49791.189,-603.2,-1.211,Exit Trigger,70 days
177,INFY,Long Closed,2010-09-16,379.01,2010-11-18,373.62,131.0,49649.82,-706.09,-1.422,Exit Trigger,63 days
178,INFY,Long Closed,2010-12-08,394.88,2011-02-07,384.36,126.0,49754.25,-1325.52,-2.664,Exit Trigger,61 days
179,INFY,Long Closed,2011-04-07,407.74,2011-05-04,362.62,122.0,49743.974,-5504.64,-11.066,Exit Trigger,27 days
180,INFY,Long Closed,2011-07-08,375.0,2011-08-01,347.51,133.0,49875.0,-3656.17,-7.331,Exit Trigger,24 days
181,INFY,Long Closed,2011-10-12,324.38,2011-12-15,340.79,154.0,49953.75,2527.14,5.059,Exit Trigger,64 days
182,INFY,Long Closed,2012-01-05,354.9,2012-02-02,342.51,140.0,49685.999,-1734.6,-3.491,Exit Trigger,28 days
183,INFY,Long Closed,2012-02-21,366.25,2012-04-16,300.0,136.0,49810.0,-9010.0,-18.089,Exit Trigger,55 days
184,INFY,Long Closed,2012-06-20,310.0,2012-07-19,275.0,161.0,49910.0,-5635.0,-11.29,Exit Trigger,29 days
185,INFY,Long Closed,2012-09-03,295.75,2012-10-30,290.75,169.0,49981.75,-845.0,-1.691,Exit Trigger,57 days
186,INFY,Long Closed,2013-01-16,347.62,2013-04-15,286.25,143.0,49710.375,-8775.91,-17.654,Exit Trigger,89 days
187,INFY,Long Closed,2013-06-19,305.75,2014-03-24,409.02,163.0,49837.25,16833.01,33.776,Exit Trigger,278 days
188,INFY,Long Closed,2014-06-30,402.5,2014-12-26,486.27,124.0,49910.0,10387.48,20.812,Exit Trigger,179 days
189,INFY,Long Closed,2015-01-27,555.25,2015-04-06,544.75,90.0,49972.5,-945.0,-1.891,Exit Trigger,69 days
190,INFY,Long Closed,2015-07-02,499.5,2015-07-08,489.5,100.0,49950.0,-1000.0,-2.002,Exit Trigger,6 days
191,INFY,Long Closed,2015-07-28,534.25,2015-09-29,551.0,93.0,49685.25,1557.75,3.135,Exit Trigger,63 days
192,INFY,Long Closed,2015-10-05,586.5,2015-11-24,525.0,85.0,49852.5,-5227.5,-10.486,Exit Trigger,50 days
193,INFY,Long Closed,2016-01-12,531.0,2016-06-29,584.5,94.0,49914.0,5029.0,10.075,Exit Trigger,169 days
194,INFY,Long Closed,2016-12-23,492.45,2017-01-30,468.75,101.0,49737.451,-2393.7,-4.813,Exit Trigger,38 days
195,INFY,Long Closed,2017-03-02,512.2,2017-04-20,460.75,97.0,49683.401,-4990.65,-10.045,Exit Trigger,49 days
196,INFY,Long Closed,2017-06-06,482.5,2017-07-03,470.55,103.0,49697.5,-1230.85,-2.477,Exit Trigger,27 days
197,INFY,Long Closed,2017-07-25,495.0,2017-08-30,468.6,101.0,49995.0,-2666.4,-5.333,Exit Trigger,36 days
198,INFY,Long Closed,2017-10-25,459.5,2018-04-18,561.42,108.0,49626.0,11007.36,22.181,Exit Trigger,175 days
199,INFY,Long Closed,2018-05-08,588.95,2018-10-23,675.95,84.0,49471.801,7308.0,14.772,Exit Trigger,168 days
200,INFY,Long Closed,2018-12-21,659.5,2019-03-19,712.8,75.0,49462.5,3997.5,8.082,Exit Trigger,88 days
201,INFY,Long Closed,2019-04-15,724.7,2019-05-13,716.55,68.0,49279.601,-554.2,-1.125,Exit Trigger,28 days
202,INFY,Long Closed,2019-06-20,737.8,2019-10-16,765.25,67.0,49432.599,1839.15,3.721,Exit Trigger,118 days
203,INFY,Long Closed,2019-12-23,732.15,2020-03-13,592.0,68.0,49786.202,-9530.2,-19.142,Exit Trigger,81 days
204,INFY,Long Closed,2020-05-13,694.8,2021-02-26,1269.0,71.0,49330.799,40768.2,82.642,Exit Trigger,289 days
205,INFY,Long Closed,2021-03-16,1386.05,2021-05-14,1326.85,36.0,49897.802,-2131.2,-4.271,Exit Trigger,59 days
206,INFY,Long Closed,2021-06-10,1424.0,2022-02-09,1735.0,35.0,49840.0,10885.0,21.84,Exit Trigger,244 days
207,INFY,Long Closed,2022-03-23,1897.0,2022-04-26,1577.2,26.0,49322.0,-8314.8,-16.858,Exit Trigger,34 days
208,INFY,Long Closed,2022-07-21,1517.0,2022-09-15,1475.0,32.0,48544.0,-1344.0,-2.769,Exit Trigger,56 days
209,SBIN,Long Closed,1996-02-05,21.09,1996-04-08,24.63,2371.0,49998.914,8393.34,16.787,Exit Trigger,63 days
210,SBIN,Long Closed,1996-04-10,25.1,1996-06-05,28.31,1992.0,49994.527,6394.32,12.79,Exit Trigger,56 days
211,SBIN,Long Closed,1996-06-18,29.06,1996-08-07,26.89,1720.0,49983.957,-3732.4,-7.467,Exit Trigger,50 days
212,SBIN,Long Closed,1997-01-02,23.49,1997-04-15,26.04,2128.0,49994.525,5426.4,10.854,Exit Trigger,103 days
213,SBIN,Long Closed,1997-05-08,28.84,1997-08-07,31.14,1733.0,49985.667,3985.9,7.974,Exit Trigger,91 days
214,SBIN,Long Closed,1998-01-12,21.94,1998-05-18,23.93,2279.0,49994.102,4535.21,9.071,Exit Trigger,126 days
215,SBIN,Long Closed,1998-08-07,19.06,1998-08-10,18.82,2623.0,49992.072,-629.52,-1.259,Exit Trigger,3 days
216,SBIN,Long Closed,1998-09-28,20.02,1998-10-14,15.0,2497.0,49993.713,-12534.94,-25.073,Exit Trigger,16 days
217,SBIN,Long Closed,1999-01-08,16.61,1999-02-15,14.65,3010.0,49983.959,-5899.6,-11.803,Exit Trigger,38 days
218,SBIN,Long Closed,1999-03-11,19.81,1999-04-23,15.29,2523.0,49990.561,-11403.96,-22.812,Exit Trigger,43 days
219,SBIN,Long Closed,1999-05-21,26.78,1999-08-13,22.83,1867.0,49992.884,-7374.65,-14.751,Exit Trigger,84 days
220,SBIN,Long Closed,1999-10-21,24.34,1999-11-29,21.63,2053.0,49975.843,-5563.63,-11.133,Exit Trigger,39 days
221,SBIN,Long Closed,2000-01-10,26.42,2000-03-06,20.26,1892.0,49983.959,-11654.72,-23.317,Exit Trigger,56 days
222,SBIN,Long Closed,2000-05-03,18.59,2000-05-18,18.12,2690.0,49999.999,-1264.3,-2.529,Exit Trigger,15 days
223,SBIN,Long Closed,2000-06-16,21.18,2000-08-03,19.23,2361.0,49999.663,-4603.95,-9.208,Exit Trigger,48 days
224,SBIN,Long Closed,2000-11-28,16.71,2001-04-02,18.78,2993.0,49998.173,6195.51,12.391,Exit Trigger,125 days
225,SBIN,Long Closed,2001-05-15,22.64,2001-06-19,20.1,2208.0,49999.058,-5608.32,-11.217,Exit Trigger,35 days
226,SBIN,Long Closed,2001-10-29,17.79,2001-12-25,17.17,2811.0,49994.664,-1742.82,-3.486,Exit Trigger,57 days
227,SBIN,Long Closed,2002-01-22,20.31,2002-03-28,21.41,2461.0,49981.153,2707.1,5.416,Exit Trigger,65 days
228,SBIN,Long Closed,2002-04-25,22.46,2002-05-17,20.89,2226.0,49986.6,-3494.82,-6.992,Exit Trigger,22 days
229,SBIN,Long Closed,2002-06-21,22.97,2002-08-01,22.08,2176.0,49993.016,-1936.64,-3.874,Exit Trigger,41 days
230,SBIN,Long Closed,2002-09-10,22.01,2002-10-07,21.7,2271.0,49979.313,-704.01,-1.409,Exit Trigger,27 days
231,SBIN,Long Closed,2002-11-06,22.87,2003-03-18,25.93,2186.0,49985.57,6689.16,13.382,Exit Trigger,132 days
232,SBIN,Long Closed,2003-05-01,26.29,2003-12-02,44.53,1901.0,49979.587,34674.24,69.377,Exit Trigger,215 days
233,SBIN,Long Closed,2003-12-25,48.01,2004-03-09,59.44,1041.0,49979.512,11898.63,23.807,Exit Trigger,75 days
234,SBIN,Long Closed,2004-04-19,60.85,2004-05-21,47.55,821.0,49955.929,-10919.3,-21.858,Exit Trigger,32 days
235,SBIN,Long Closed,2004-08-11,43.4,2004-11-05,45.58,1152.0,49999.056,2511.36,5.023,Exit Trigger,86 days
236,SBIN,Long Closed,2004-11-17,47.74,2005-04-13,61.8,1047.0,49986.034,14720.82,29.45,Exit Trigger,147 days
237,SBIN,Long Closed,2005-06-02,62.73,2005-11-09,78.97,797.0,49999.555,12943.28,25.887,Exit Trigger,160 days
238,SBIN,Long Closed,2005-12-09,83.74,2006-02-06,80.77,597.0,49991.271,-1773.09,-3.547,Exit Trigger,59 days
239,SBIN,Long Closed,2006-03-20,91.05,2006-05-10,92.23,549.0,49986.318,647.82,1.296,Exit Trigger,51 days
240,SBIN,Long Closed,2006-08-09,78.41,2007-01-12,109.64,637.0,49944.995,19893.51,39.831,Exit Trigger,156 days
241,SBIN,Long Closed,2007-04-30,102.94,2007-09-06,149.83,485.0,49924.991,22741.65,45.552,Exit Trigger,129 days
242,SBIN,Long Closed,2007-09-19,163.7,2008-02-07,220.0,305.0,49928.764,17171.5,34.392,Exit Trigger,141 days
243,SBIN,Long Closed,2008-05-20,170.0,2008-05-29,152.22,294.0,49980.0,-5227.32,-10.459,Exit Trigger,9 days
244,SBIN,Long Closed,2008-08-04,149.87,2008-10-17,155.9,333.0,49905.047,2007.99,4.024,Exit Trigger,74 days
245,SBIN,Long Closed,2009-01-02,131.5,2009-02-03,106.62,380.0,49970.0,-9454.4,-18.92,Exit Trigger,32 days
246,SBIN,Long Closed,2009-04-16,130.5,2009-07-21,172.2,383.0,49981.5,15971.1,31.954,Exit Trigger,96 days
247,SBIN,Long Closed,2009-08-11,171.6,2009-12-21,214.9,291.0,49935.602,12600.3,25.233,Exit Trigger,132 days
248,SBIN,Long Closed,2010-03-29,207.5,2010-11-24,295.55,240.0,49800.0,21132.0,42.434,Exit Trigger,240 days
249,SBIN,Long Closed,2011-03-04,270.8,2011-03-23,261.79,184.0,49827.198,-1657.84,-3.327,Exit Trigger,19 days
250,SBIN,Long Closed,2011-03-29,274.18,2011-05-19,236.44,182.0,49900.759,-6868.68,-13.765,Exit Trigger,51 days
251,SBIN,Long Closed,2011-07-18,247.34,2011-08-18,218.4,202.0,49962.679,-5845.88,-11.7,Exit Trigger,31 days
252,SBIN,Long Closed,2012-01-25,205.52,2012-04-11,212.51,243.0,49942.574,1698.57,3.401,Exit Trigger,77 days
253,SBIN,Long Closed,2012-06-18,221.6,2012-08-03,199.1,225.0,49860.001,-5062.5,-10.153,Exit Trigger,46 days
254,SBIN,Long Closed,2012-09-28,226.94,2012-11-23,211.0,220.0,49926.801,-3506.8,-7.024,Exit Trigger,56 days
255,SBIN,Long Closed,2012-12-19,238.5,2013-02-15,220.7,209.0,49846.5,-3720.2,-7.463,Exit Trigger,58 days
256,SBIN,Long Closed,2013-05-03,228.5,2013-06-12,202.9,218.0,49813.0,-5580.8,-11.204,Exit Trigger,40 days
257,SBIN,Long Closed,2013-10-03,164.3,2014-01-07,169.29,304.0,49947.201,1516.96,3.037,Exit Trigger,96 days
258,SBIN,Long Closed,2014-03-20,170.6,2014-07-23,254.2,293.0,49985.802,24494.8,49.004,Exit Trigger,125 days
259,SBIN,Long Closed,2014-09-16,262.9,2014-10-20,257.7,190.0,49950.999,-988.0,-1.978,Exit Trigger,34 days
260,SBIN,Long Closed,2014-10-31,265.2,2015-02-13,288.0,188.0,49857.602,4286.4,8.597,Exit Trigger,105 days
261,SBIN,Long Closed,2015-05-29,278.65,2015-06-11,262.25,179.0,49878.349,-2935.6,-5.886,Exit Trigger,13 days
262,SBIN,Long Closed,2015-07-27,263.2,2015-09-02,242.65,189.0,49744.802,-3883.95,-7.808,Exit Trigger,37 days
263,SBIN,Long Closed,2015-10-29,241.5,2015-11-27,243.0,207.0,49990.5,310.5,0.621,Exit Trigger,29 days
264,SBIN,Long Closed,2015-12-09,235.4,2015-12-10,236.0,212.0,49904.799,127.2,0.255,Exit Trigger,1 days
265,SBIN,Long Closed,2016-03-23,196.9,2016-05-19,181.0,253.0,49815.698,-4022.7,-8.075,Exit Trigger,57 days
266,SBIN,Long Closed,2016-06-13,201.5,2016-11-10,267.0,248.0,49972.0,16244.0,32.506,Exit Trigger,150 days
267,SBIN,Long Closed,2016-11-11,278.75,2016-12-19,263.35,179.0,49896.25,-2756.6,-5.525,Exit Trigger,38 days
268,SBIN,Long Closed,2017-02-03,273.0,2017-06-14,285.9,183.0,49959.0,2360.7,4.725,Exit Trigger,131 days
269,SBIN,Long Closed,2017-07-31,299.4,2017-09-01,277.65,167.0,49999.799,-3632.25,-7.265,Exit Trigger,32 days
270,SBIN,Long Closed,2017-11-02,320.0,2018-01-01,310.6,156.0,49920.0,-1466.4,-2.938,Exit Trigger,60 days
271,SBIN,Long Closed,2018-05-28,267.4,2018-07-17,250.7,186.0,49736.399,-3106.2,-6.245,Exit Trigger,50 days
272,SBIN,Long Closed,2018-08-03,294.6,2018-09-27,264.5,169.0,49787.401,-5086.9,-10.217,Exit Trigger,55 days
273,SBIN,Long Closed,2018-11-20,285.9,2019-02-08,285.6,174.0,49746.599,-52.2,-0.105,Exit Trigger,80 days
274,SBIN,Long Closed,2019-03-27,305.25,2019-08-02,315.55,163.0,49755.75,1678.9,3.374,Exit Trigger,128 days
275,SBIN,Long Closed,2019-11-07,318.25,2020-01-21,313.8,157.0,49965.25,-698.65,-1.398,Exit Trigger,75 days
276,SBIN,Long Closed,2020-06-24,194.8,2020-09-30,185.05,256.0,49868.801,-2496.0,-5.005,Exit Trigger,98 days
277,SBIN,Long Closed,2020-11-06,219.0,2021-04-08,361.0,228.0,49932.0,32376.0,64.84,Exit Trigger,153 days
278,SBIN,Long Closed,2021-05-24,417.0,2021-09-01,427.5,119.0,49623.0,1249.5,2.518,Exit Trigger,100 days
279,SBIN,Long Closed,2021-09-21,440.15,2021-12-09,492.3,113.0,49736.949,5892.95,11.848,Exit Trigger,79 days
280,SBIN,Long Closed,2022-01-20,516.0,2022-03-09,442.0,96.0,49536.0,-7104.0,-14.341,Exit Trigger,48 days
281,SBIN,Long Closed,2022-04-18,512.0,2022-05-17,458.3,97.0,49664.0,-5208.9,-10.488,Exit Trigger,29 days
282,HDFCBANK,Long Closed,1996-02-16,3.68,1996-03-28,3.1,13568.0,49998.079,-7869.44,-15.739,Exit Trigger,41 days
283,HDFCBANK,Long Closed,1996-04-17,3.38,1996-05-31,3.41,14814.0,49997.25,444.42,0.889,Exit Trigger,44 days
284,HDFCBANK,Long Closed,1996-06-20,3.75,1996-08-07,3.7,13333.0,49998.75,-666.65,-1.333,Exit Trigger,48 days
285,HDFCBANK,Long Closed,1996-09-18,3.72,1996-10-11,3.55,13422.0,49996.949,-2281.74,-4.564,Exit Trigger,23 days
286,HDFCBANK,Long Closed,1996-11-06,3.8,1997-09-04,7.0,13175.0,49999.126,42160.0,84.321,Exit Trigger,302 days
287,HDFCBANK,Long Closed,1997-10-15,7.12,1997-12-01,7.01,7022.0,49996.639,-772.42,-1.545,Exit Trigger,47 days
288,HDFCBANK,Long Closed,1998-01-02,8.15,1998-02-06,6.7,6134.0,49992.098,-8894.3,-17.791,Exit Trigger,35 days
289,HDFCBANK,Long Closed,1998-03-23,7.49,1998-05-25,7.14,6671.0,49999.144,-2334.85,-4.67,Exit Trigger,63 days
290,HDFCBANK,Long Closed,1998-08-04,6.2,1998-08-18,6.09,8064.0,49996.798,-887.04,-1.774,Exit Trigger,14 days
291,HDFCBANK,Long Closed,1998-09-23,6.99,1998-10-21,5.14,7147.0,49993.264,-13221.95,-26.447,Exit Trigger,28 days
292,HDFCBANK,Long Closed,1999-01-04,5.51,1999-02-15,5.24,9074.0,49997.742,-2449.98,-4.9,Exit Trigger,42 days
293,HDFCBANK,Long Closed,1999-03-24,6.0,1999-11-15,9.3,8333.0,49998.0,27498.9,55.0,Exit Trigger,236 days
294,HDFCBANK,Long Closed,1999-12-03,14.0,2000-04-17,22.5,3571.0,49994.0,30353.5,60.714,Exit Trigger,136 days
295,HDFCBANK,Long Closed,2000-05-17,26.0,2000-06-16,24.3,1923.0,49998.0,-3269.1,-6.538,Exit Trigger,30 days
296,HDFCBANK,Long Closed,2000-06-27,25.5,2000-08-07,24.81,1960.0,49980.0,-1352.4,-2.706,Exit Trigger,41 days
297,HDFCBANK,Long Closed,2000-10-23,24.5,2000-11-30,22.39,2040.0,49980.0,-4304.4,-8.612,Exit Trigger,38 days
298,HDFCBANK,Long Closed,2001-01-17,24.9,2001-03-20,23.41,2008.0,49999.199,-2991.92,-5.984,Exit Trigger,62 days
299,HDFCBANK,Long Closed,2001-05-11,23.8,2001-06-12,23.1,2100.0,49979.998,-1470.0,-2.941,Exit Trigger,32 days
300,HDFCBANK,Long Closed,2001-08-03,23.49,2001-09-19,20.63,2128.0,49986.72,-6086.08,-12.175,Exit Trigger,47 days
301,HDFCBANK,Long Closed,2001-11-02,22.0,2002-01-11,22.59,2272.0,49984.0,1340.48,2.682,Exit Trigger,70 days
302,HDFCBANK,Long Closed,2002-01-16,24.8,2002-04-11,22.62,2016.0,49996.798,-4394.88,-8.79,Exit Trigger,85 days
303,HDFCBANK,Long Closed,2002-06-21,21.85,2002-06-26,21.5,2287.0,49982.384,-800.45,-1.601,Exit Trigger,5 days
304,HDFCBANK,Long Closed,2002-09-16,21.28,2002-10-18,20.27,2349.0,49986.722,-2372.49,-4.746,Exit Trigger,32 days
305,HDFCBANK,Long Closed,2002-12-18,21.6,2003-03-28,22.89,2314.0,49982.401,2985.06,5.972,Exit Trigger,100 days
306,HDFCBANK,Long Closed,2003-05-01,24.7,2003-10-02,28.33,2024.0,49992.802,7347.12,14.696,Exit Trigger,154 days
307,HDFCBANK,Long Closed,2003-10-07,32.0,2004-02-18,37.62,1562.0,49984.0,8778.44,17.562,Exit Trigger,134 days
308,HDFCBANK,Long Closed,2004-03-01,37.69,2004-04-02,38.7,1326.0,49976.938,1339.26,2.68,Exit Trigger,32 days
309,HDFCBANK,Long Closed,2004-04-16,38.39,2004-05-18,28.0,1302.0,49983.779,-13527.78,-27.064,Exit Trigger,32 days
310,HDFCBANK,Long Closed,2004-07-01,37.0,2004-08-23,36.1,1351.0,49987.0,-1215.9,-2.432,Exit Trigger,53 days
311,HDFCBANK,Long Closed,2004-09-07,37.98,2005-04-07,56.0,1316.0,49981.679,23714.32,47.446,Exit Trigger,212 days
312,HDFCBANK,Long Closed,2005-06-09,58.8,2005-09-06,64.1,850.0,49979.999,4505.0,9.014,Exit Trigger,89 days
313,HDFCBANK,Long Closed,2005-09-21,73.03,2005-10-28,62.2,684.0,49952.519,-7407.72,-14.83,Exit Trigger,37 days
314,HDFCBANK,Long Closed,2005-12-05,70.0,2006-06-05,76.3,714.0,49980.0,4498.2,9.0,Exit Trigger,182 days
315,HDFCBANK,Long Closed,2006-07-21,71.5,2007-01-05,105.47,699.0,49978.5,23745.03,47.51,Exit Trigger,168 days
316,HDFCBANK,Long Closed,2007-02-08,110.99,2007-03-01,96.0,450.0,49945.499,-6745.5,-13.506,Exit Trigger,21 days
317,HDFCBANK,Long Closed,2007-04-27,98.53,2007-08-24,109.87,507.0,49952.176,5749.38,11.51,Exit Trigger,119 days
318,HDFCBANK,Long Closed,2007-09-19,127.1,2008-01-25,154.4,393.0,49950.299,10728.9,21.479,Exit Trigger,128 days
319,HDFCBANK,Long Closed,2008-05-05,154.0,2008-06-05,122.0,324.0,49896.0,-10368.0,-20.779,Exit Trigger,31 days
320,HDFCBANK,Long Closed,2008-08-12,131.2,2008-10-14,122.5,381.0,49987.199,-3314.7,-6.631,Exit Trigger,63 days
321,HDFCBANK,Long Closed,2009-01-06,104.42,2009-02-05,89.5,478.0,49910.37,-7131.76,-14.289,Exit Trigger,30 days
322,HDFCBANK,Long Closed,2009-04-08,106.5,2009-07-27,145.7,469.0,49948.5,18384.8,36.808,Exit Trigger,110 days
323,HDFCBANK,Long Closed,2009-09-07,146.01,2010-01-08,171.2,342.0,49933.712,8614.98,17.253,Exit Trigger,123 days
324,HDFCBANK,Long Closed,2010-03-10,181.2,2010-05-27,181.5,275.0,49829.999,82.5,0.166,Exit Trigger,78 days
325,HDFCBANK,Long Closed,2010-06-24,199.71,2010-11-10,240.0,250.0,49926.25,10072.5,20.175,Exit Trigger,139 days
326,HDFCBANK,Long Closed,2011-03-14,217.2,2011-05-24,225.4,230.0,49955.999,1886.0,3.775,Exit Trigger,71 days
327,HDFCBANK,Long Closed,2011-06-14,237.8,2011-08-17,228.02,210.0,49938.001,-2053.8,-4.113,Exit Trigger,64 days
328,HDFCBANK,Long Closed,2011-10-31,241.5,2011-11-25,213.88,207.0,49990.5,-5717.34,-11.437,Exit Trigger,25 days
329,HDFCBANK,Long Closed,2012-01-19,243.0,2012-04-16,264.45,205.0,49815.0,4397.25,8.827,Exit Trigger,88 days
330,HDFCBANK,Long Closed,2012-04-18,266.5,2012-05-23,245.0,187.0,49835.5,-4020.5,-8.068,Exit Trigger,35 days
331,HDFCBANK,Long Closed,2012-06-25,272.7,2013-01-22,329.25,183.0,49904.102,10348.65,20.737,Exit Trigger,211 days
332,HDFCBANK,Long Closed,2013-04-29,344.12,2013-06-21,318.4,145.0,49898.125,-3729.4,-7.474,Exit Trigger,53 days
333,HDFCBANK,Long Closed,2013-09-30,303.0,2014-01-14,334.52,165.0,49995.0,5200.8,10.403,Exit Trigger,106 days
334,HDFCBANK,Long Closed,2014-01-16,342.2,2014-01-29,323.75,146.0,49961.202,-2693.7,-5.392,Exit Trigger,13 days
335,HDFCBANK,Long Closed,2014-03-10,353.25,2014-08-11,400.5,141.0,49808.25,6662.25,13.376,Exit Trigger,154 days
336,HDFCBANK,Long Closed,2014-09-05,426.0,2015-03-31,519.95,117.0,49842.0,10992.15,22.054,Exit Trigger,207 days
337,HDFCBANK,Long Closed,2015-06-09,502.5,2015-08-27,512.5,99.0,49747.5,990.0,1.99,Exit Trigger,79 days
338,HDFCBANK,Long Closed,2015-10-14,534.4,2015-12-02,545.0,93.0,49699.202,985.8,1.984,Exit Trigger,49 days
339,HDFCBANK,Long Closed,2016-01-13,526.0,2016-01-19,513.6,95.0,49970.0,-1178.0,-2.357,Exit Trigger,6 days
340,HDFCBANK,Long Closed,2016-03-30,529.0,2016-10-27,619.5,94.0,49726.0,8507.0,17.108,Exit Trigger,211 days
341,HDFCBANK,Long Closed,2017-01-19,622.45,2017-11-20,914.5,80.0,49796.001,23364.0,46.919,Exit Trigger,305 days
342,HDFCBANK,Long Closed,2017-11-27,924.5,2018-03-01,939.65,54.0,49923.0,818.1,1.639,Exit Trigger,94 days
343,HDFCBANK,Long Closed,2018-04-16,960.0,2018-08-28,1044.0,52.0,49920.0,4368.0,8.75,Exit Trigger,134 days
344,HDFCBANK,Long Closed,2018-11-30,1065.0,2019-02-05,1054.0,46.0,48990.0,-506.0,-1.033,Exit Trigger,67 days
345,HDFCBANK,Long Closed,2019-03-13,1087.5,2019-07-25,1142.5,45.0,48937.5,2475.0,5.057,Exit Trigger,134 days
346,HDFCBANK,Long Closed,2019-09-25,1249.9,2020-01-27,1235.0,40.0,49996.001,-596.0,-1.192,Exit Trigger,124 days
347,HDFCBANK,Long Closed,2020-05-29,944.0,2020-08-20,1054.95,52.0,49088.0,5769.4,11.753,Exit Trigger,83 days
348,HDFCBANK,Long Closed,2020-09-03,1137.25,2020-10-05,1112.0,43.0,48901.75,-1085.75,-2.22,Exit Trigger,32 days
349,HDFCBANK,Long Closed,2020-10-08,1180.0,2021-03-30,1506.65,42.0,49560.0,13719.3,27.682,Exit Trigger,173 days
350,HDFCBANK,Long Closed,2021-06-02,1510.0,2021-07-28,1435.05,33.0,49830.0,-2473.35,-4.964,Exit Trigger,56 days
351,HDFCBANK,Long Closed,2021-08-26,1550.0,2021-11-22,1546.0,32.0,49600.0,-128.0,-0.258,Exit Trigger,88 days
352,HDFCBANK,Long Closed,2022-01-21,1500.0,2022-02-15,1476.0,33.0,49500.0,-792.0,-1.6,Exit Trigger,25 days
353,HDFCBANK,Long Closed,2022-02-24,1449.9,2022-02-25,1439.95,34.0,49296.601,-338.3,-0.686,Exit Trigger,1 days
354,HDFCBANK,Long Closed,2022-04-07,1541.3,2022-05-05,1375.0,32.0,49321.602,-5321.6,-10.79,Exit Trigger,28 days
355,HDFCBANK,Long Closed,2022-06-27,1370.0,2022-06-29,1331.25,36.0,49320.0,-1395.0,-2.828,Exit Trigger,2 days
356,HDFC,Long Closed,2002-10-09,60.8,2002-10-16,62.0,822.0,49977.599,986.4,1.974,Exit Trigger,7 days
357,HDFC,Long Closed,2002-10-23,63.0,2002-10-25,63.2,793.0,49959.0,158.6,0.317,Exit Trigger,2 days
358,HDFC,Long Closed,2002-10-31,63.0,2003-03-14,70.81,793.0,49959.0,6193.33,12.397,Exit Trigger,134 days
359,HDFC,Long Closed,2003-05-26,69.0,2004-03-11,125.4,724.0,49956.0,40833.6,81.739,Exit Trigger,290 days
360,HDFC,Long Closed,2004-04-16,131.0,2004-05-07,131.0,381.0,49911.0,0.0,0.0,Exit Trigger,21 days
361,HDFC,Long Closed,2004-08-05,114.23,2004-09-01,111.1,437.0,49918.511,-1367.81,-2.74,Exit Trigger,27 days
362,HDFC,Long Closed,2004-09-15,127.2,2005-01-18,153.0,393.0,49989.599,10139.4,20.283,Exit Trigger,125 days
363,HDFC,Long Closed,2005-02-11,162.89,2005-03-29,142.8,306.0,49844.34,-6147.54,-12.333,Exit Trigger,46 days
364,HDFC,Long Closed,2005-05-19,152.98,2005-11-14,209.97,326.0,49871.479,18578.74,37.253,Exit Trigger,179 days
365,HDFC,Long Closed,2005-11-16,215.5,2006-04-04,265.02,232.0,49996.0,11488.64,22.979,Exit Trigger,139 days
366,HDFC,Long Closed,2006-07-27,225.6,2007-03-12,310.2,221.0,49857.601,18696.6,37.5,Exit Trigger,228 days
367,HDFC,Long Closed,2007-04-30,335.26,2007-09-03,397.6,149.0,49953.741,9288.66,18.595,Exit Trigger,126 days
368,HDFC,Long Closed,2007-09-05,411.0,2007-09-07,422.0,121.0,49731.0,1331.0,2.676,Exit Trigger,2 days
369,HDFC,Long Closed,2007-09-10,414.51,2008-02-05,602.6,120.0,49741.201,22570.8,45.376,Exit Trigger,148 days
370,HDFC,Long Closed,2008-05-08,543.6,2008-06-11,427.48,91.0,49467.598,-10566.92,-21.361,Exit Trigger,34 days
371,HDFC,Long Closed,2008-08-11,510.0,2008-09-26,430.0,98.0,49980.0,-7840.0,-15.686,Exit Trigger,46 days
372,HDFC,Long Closed,2009-01-12,327.8,2009-01-16,310.87,152.0,49825.598,-2573.36,-5.165,Exit Trigger,4 days
373,HDFC,Long Closed,2009-01-19,310.01,2009-02-09,285.2,161.0,49911.612,-3994.41,-8.003,Exit Trigger,21 days
374,HDFC,Long Closed,2009-04-08,329.8,2009-09-04,480.0,151.0,49799.798,22680.2,45.543,Exit Trigger,149 days
375,HDFC,Long Closed,2009-09-07,497.6,2009-12-21,518.6,100.0,49760.001,2100.0,4.22,Exit Trigger,105 days
376,HDFC,Long Closed,2010-03-12,540.51,2010-06-03,546.31,92.0,49726.921,533.6,1.073,Exit Trigger,83 days
377,HDFC,Long Closed,2010-06-21,591.2,2010-11-19,704.8,84.0,49660.801,9542.4,19.215,Exit Trigger,151 days
378,HDFC,Long Closed,2011-01-10,680.6,2011-01-11,659.95,73.0,49683.798,-1507.45,-3.034,Exit Trigger,1 days
379,HDFC,Long Closed,2011-03-16,666.2,2011-05-20,649.85,75.0,49965.001,-1226.25,-2.454,Exit Trigger,65 days
380,HDFC,Long Closed,2011-07-07,713.9,2011-08-19,633.5,70.0,49973.002,-5628.0,-11.262,Exit Trigger,43 days
381,HDFC,Long Closed,2011-10-31,689.0,2011-12-01,659.9,72.0,49608.0,-2095.2,-4.224,Exit Trigger,31 days
382,HDFC,Long Closed,2012-01-12,685.0,2012-03-14,689.0,72.0,49320.0,288.0,0.584,Exit Trigger,62 days
383,HDFC,Long Closed,2012-04-26,679.85,2012-05-16,637.5,73.0,49629.048,-3091.55,-6.229,Exit Trigger,20 days
384,HDFC,Long Closed,2012-07-09,684.0,2013-01-29,801.05,73.0,49932.0,8544.65,17.113,Exit Trigger,204 days
385,HDFC,Long Closed,2013-04-03,817.0,2013-04-12,765.1,61.0,49837.0,-3165.9,-6.353,Exit Trigger,9 days
386,HDFC,Long Closed,2013-04-26,862.95,2013-06-25,826.9,57.0,49188.151,-2054.85,-4.178,Exit Trigger,60 days
387,HDFC,Long Closed,2013-09-27,797.0,2013-12-09,842.2,62.0,49414.0,2802.4,5.671,Exit Trigger,73 days
388,HDFC,Long Closed,2013-12-20,818.2,2014-01-01,818.2,61.0,49910.201,0.0,0.0,Exit Trigger,12 days
389,HDFC,Long Closed,2014-01-14,818.2,2014-02-07,818.2,61.0,49910.201,0.0,0.0,Exit Trigger,24 days
390,HDFC,Long Closed,2014-02-12,818.2,2014-02-20,818.2,61.0,49910.201,0.0,0.0,Exit Trigger,8 days
391,HDFC,Long Closed,2015-12-29,1226.55,2016-02-29,1056.0,40.0,49062.002,-6822.0,-13.905,Exit Trigger,62 days
392,HDFC,Long Closed,2016-03-30,1128.25,2016-10-24,1341.35,44.0,49643.0,9376.4,18.888,Exit Trigger,208 days
393,HDFC,Long Closed,2017-01-30,1370.4,2017-10-23,1751.8,36.0,49334.401,13730.4,27.831,Exit Trigger,266 days
394,HDFC,Long Closed,2018-01-08,1729.25,2018-03-08,1772.9,28.0,48419.0,1222.2,2.524,Exit Trigger,59 days
395,HDFC,Long Closed,2018-04-18,1897.7,2018-06-07,1862.5,26.0,49340.199,-915.2,-1.855,Exit Trigger,50 days
396,HDFC,Long Closed,2018-07-03,1900.0,2018-08-31,1940.9,26.0,49400.0,1063.4,2.153,Exit Trigger,59 days
397,HDFC,Long Closed,2018-11-22,1872.0,2019-02-15,1900.6,26.0,48672.0,743.6,1.528,Exit Trigger,85 days
398,HDFC,Long Closed,2019-04-03,2004.0,2019-08-08,2183.9,24.0,48096.0,4317.6,8.977,Exit Trigger,127 days
399,HDFC,Long Closed,2019-11-05,2207.1,2020-02-17,2401.75,22.0,48556.202,4282.3,8.819,Exit Trigger,104 days
400,HDFC,Long Closed,2020-06-10,1784.0,2020-08-11,1813.0,28.0,49952.0,812.0,1.626,Exit Trigger,62 days
401,HDFC,Long Closed,2020-08-13,1818.5,2020-08-18,1801.1,27.0,49099.5,-469.8,-0.957,Exit Trigger,5 days
402,HDFC,Long Closed,2020-10-16,1948.4,2021-03-17,2509.1,25.0,48710.001,14017.5,28.777,Exit Trigger,152 days
403,HDFC,Long Closed,2021-06-03,2568.0,2021-07-12,2503.0,19.0,48792.0,-1235.0,-2.531,Exit Trigger,39 days
404,HDFC,Long Closed,2021-08-11,2675.0,2021-12-14,2750.0,18.0,48150.0,1350.0,2.804,Exit Trigger,125 days
405,HDFC,Long Closed,2022-04-11,2440.0,2022-05-06,2170.0,20.0,48800.0,-5400.0,-11.066,Exit Trigger,25 days
406,TITAN,Long Closed,1996-02-15,6.67,1996-03-28,5.6,7499.0,49999.583,-8023.93,-16.048,Exit Trigger,42 days
407,TITAN,Long Closed,1996-04-30,6.0,1996-05-21,5.35,8333.0,49998.0,-5416.45,-10.833,Exit Trigger,21 days
408,TITAN,Long Closed,1996-06-26,5.75,1996-08-21,6.0,8695.0,49996.25,2173.75,4.348,Exit Trigger,56 days
409,TITAN,Long Closed,1997-01-14,4.43,1997-02-04,3.55,11299.0,49998.077,-9943.12,-19.887,Exit Trigger,21 days
410,TITAN,Long Closed,1997-05-15,3.65,1997-09-30,3.7,13698.0,49997.701,684.9,1.37,Exit Trigger,138 days
411,TITAN,Long Closed,1998-04-06,2.88,1998-05-20,3.08,17391.0,49999.125,3478.2,6.957,Exit Trigger,44 days
412,TITAN,Long Closed,1998-09-17,2.35,1998-11-25,2.52,21276.0,49998.598,3616.92,7.234,Exit Trigger,69 days
413,TITAN,Long Closed,1998-12-15,3.01,1999-02-17,4.47,16597.0,49998.463,24231.62,48.465,Exit Trigger,64 days
414,TITAN,Long Closed,1999-03-26,4.16,1999-04-13,3.18,12012.0,49999.949,-11771.76,-23.544,Exit Trigger,18 days
415,TITAN,Long Closed,1999-05-26,3.98,1999-08-26,4.8,12570.0,49997.175,10307.4,20.616,Exit Trigger,92 days
416,TITAN,Long Closed,1999-09-22,5.25,1999-11-15,5.07,9523.0,49995.75,-1714.14,-3.429,Exit Trigger,54 days
417,TITAN,Long Closed,1999-11-26,6.18,2000-02-01,6.55,8097.0,49998.977,2995.89,5.992,Exit Trigger,67 days
418,TITAN,Long Closed,2000-06-23,3.5,2000-07-27,3.25,14295.0,49996.762,-3573.75,-7.148,Exit Trigger,34 days
419,TITAN,Long Closed,2000-11-14,2.75,2001-03-12,2.55,18181.0,49997.75,-3636.2,-7.273,Exit Trigger,118 days
420,TITAN,Long Closed,2001-05-23,2.9,2001-07-02,2.2,17241.0,49998.902,-12068.7,-24.138,Exit Trigger,40 days
421,TITAN,Long Closed,2001-11-07,1.95,2002-01-08,1.85,25673.0,49998.167,-2567.3,-5.135,Exit Trigger,62 days
422,TITAN,Long Closed,2002-02-14,2.4,2002-05-30,3.0,20833.0,49999.202,12499.8,25.0,Exit Trigger,105 days
423,TITAN,Long Closed,2002-06-14,3.99,2002-08-05,3.35,12515.0,49997.424,-8009.6,-16.02,Exit Trigger,52 days
424,TITAN,Long Closed,2002-11-21,3.19,2003-01-28,2.97,15686.0,49999.125,-3450.92,-6.902,Exit Trigger,68 days
425,TITAN,Long Closed,2003-05-05,2.81,2003-08-06,3.2,17793.0,49998.329,6939.27,13.879,Exit Trigger,93 days
426,TITAN,Long Closed,2003-08-15,3.75,2004-01-30,5.83,13326.0,49999.153,27718.08,55.437,Exit Trigger,168 days
427,TITAN,Long Closed,2004-03-19,5.06,2004-03-29,5.12,9875.0,49997.127,592.5,1.185,Exit Trigger,10 days
428,TITAN,Long Closed,2004-04-14,5.55,2004-05-19,4.62,9005.0,49995.76,-8374.65,-16.751,Exit Trigger,35 days
429,TITAN,Long Closed,2004-07-12,5.11,2005-01-28,8.31,9785.0,49996.457,31312.0,62.628,Exit Trigger,200 days
430,TITAN,Long Closed,2005-02-14,10.92,2005-09-13,23.5,4578.0,49989.473,57591.24,115.207,Exit Trigger,211 days
431,TITAN,Long Closed,2005-10-14,23.65,2005-10-20,21.41,2114.0,49993.986,-4735.36,-9.472,Exit Trigger,6 days
432,TITAN,Long Closed,2005-11-17,28.95,2006-02-02,33.97,1726.0,49973.742,8664.52,17.338,Exit Trigger,77 days
433,TITAN,Long Closed,2006-03-02,39.79,2006-04-25,38.75,1256.0,49982.518,-1306.24,-2.613,Exit Trigger,54 days
434,TITAN,Long Closed,2006-08-10,35.95,2006-11-08,38.55,1390.0,49970.501,3614.0,7.232,Exit Trigger,90 days
435,TITAN,Long Closed,2007-01-02,43.25,2007-03-12,41.0,1156.0,49997.0,-2601.0,-5.202,Exit Trigger,69 days
436,TITAN,Long Closed,2007-04-20,50.94,2007-08-13,57.89,981.0,49967.236,6817.95,13.645,Exit Trigger,115 days
437,TITAN,Long Closed,2007-09-13,71.5,2007-12-03,76.75,699.0,49978.5,3669.75,7.343,Exit Trigger,81 days
438,TITAN,Long Closed,2008-01-16,76.25,2008-01-24,62.24,655.0,49940.477,-9176.55,-18.375,Exit Trigger,8 days
439,TITAN,Long Closed,2008-04-24,57.5,2008-06-18,55.5,869.0,49965.329,-1738.0,-3.478,Exit Trigger,55 days
440,TITAN,Long Closed,2008-08-06,64.68,2008-09-30,54.27,773.0,49997.64,-8046.93,-16.095,Exit Trigger,55 days
441,TITAN,Long Closed,2009-01-05,48.03,2009-02-06,39.75,1041.0,49999.229,-8619.48,-17.239,Exit Trigger,32 days
442,TITAN,Long Closed,2009-04-21,39.81,2009-08-26,61.0,1255.0,49967.823,26593.45,53.221,Exit Trigger,127 days
443,TITAN,Long Closed,2009-09-09,64.75,2009-12-16,64.3,772.0,49983.142,-347.4,-0.695,Exit Trigger,98 days
444,TITAN,Long Closed,2009-12-29,71.5,2010-12-23,170.37,699.0,49978.5,69110.13,138.28,Exit Trigger,359 days
445,TITAN,Long Closed,2011-03-21,173.5,2011-08-17,209.05,288.0,49968.0,10238.4,20.49,Exit Trigger,149 days
446,TITAN,Long Closed,2011-09-28,214.0,2011-10-10,210.0,233.0,49862.0,-932.0,-1.869,Exit Trigger,12 days
447,TITAN,Long Closed,2011-10-14,215.0,2011-10-21,218.0,232.0,49880.0,696.0,1.395,Exit Trigger,7 days
448,TITAN,Long Closed,2011-11-01,214.1,2011-11-21,203.0,233.0,49885.301,-2586.3,-5.184,Exit Trigger,20 days
449,TITAN,Long Closed,2012-01-27,199.35,2012-05-24,224.25,250.0,49837.502,6225.0,12.491,Exit Trigger,118 days
450,TITAN,Long Closed,2012-05-28,224.0,2012-05-31,222.4,223.0,49952.0,-356.8,-0.714,Exit Trigger,3 days
451,TITAN,Long Closed,2012-07-20,228.5,2012-08-29,221.0,218.0,49813.0,-1635.0,-3.282,Exit Trigger,40 days
452,TITAN,Long Closed,2012-09-17,243.95,2013-01-04,283.0,204.0,49765.799,7966.2,16.007,Exit Trigger,109 days
453,TITAN,Long Closed,2013-04-30,274.7,2013-06-19,221.65,182.0,49995.402,-9655.1,-19.312,Exit Trigger,50 days
454,TITAN,Long Closed,2013-08-01,266.0,2013-09-03,232.05,187.0,49742.0,-6348.65,-12.763,Exit Trigger,33 days
455,TITAN,Long Closed,2013-10-21,242.4,2013-11-29,227.4,206.0,49934.399,-3090.0,-6.188,Exit Trigger,39 days
456,TITAN,Long Closed,2014-02-21,235.2,2014-11-17,371.15,212.0,49862.399,28821.4,57.802,Exit Trigger,269 days
457,TITAN,Long Closed,2015-01-16,380.0,2015-03-24,391.05,131.0,49780.0,1447.55,2.908,Exit Trigger,67 days
458,TITAN,Long Closed,2015-10-15,350.2,2016-01-01,347.15,142.0,49728.402,-433.1,-0.871,Exit Trigger,78 days
459,TITAN,Long Closed,2016-02-16,362.95,2016-02-29,331.75,137.0,49724.152,-4274.4,-8.596,Exit Trigger,13 days
460,TITAN,Long Closed,2016-04-21,379.95,2016-09-02,415.8,131.0,49773.452,4696.35,9.435,Exit Trigger,134 days
461,TITAN,Long Closed,2016-09-15,417.9,2016-10-06,406.5,119.0,49730.099,-1356.6,-2.728,Exit Trigger,21 days
462,TITAN,Long Closed,2017-01-12,360.95,2017-10-13,625.0,138.0,49811.102,36438.9,73.154,Exit Trigger,274 days
463,TITAN,Long Closed,2017-11-06,725.7,2018-02-15,822.7,68.0,49347.601,6596.0,13.366,Exit Trigger,101 days
464,TITAN,Long Closed,2018-03-28,938.2,2018-05-30,906.0,53.0,49724.601,-1706.6,-3.432,Exit Trigger,63 days
465,TITAN,Long Closed,2018-08-09,934.8,2018-09-19,812.5,53.0,49544.399,-6481.9,-13.083,Exit Trigger,41 days
466,TITAN,Long Closed,2018-11-14,897.05,2019-07-19,1090.0,55.0,49337.749,10612.25,21.509,Exit Trigger,247 days
467,TITAN,Long Closed,2019-09-19,1164.0,2019-11-25,1149.9,42.0,48888.0,-592.2,-1.211,Exit Trigger,67 days
468,TITAN,Long Closed,2020-01-16,1184.85,2020-03-19,879.95,42.0,49763.699,-12805.8,-25.733,Exit Trigger,63 days
469,TITAN,Long Closed,2020-06-15,979.95,2021-02-17,1469.4,51.0,49977.451,24961.95,49.946,Exit Trigger,247 days
470,TITAN,Long Closed,2021-04-01,1560.0,2021-05-12,1431.0,32.0,49920.0,-4128.0,-8.269,Exit Trigger,41 days
471,TITAN,Long Closed,2021-06-03,1601.0,2021-12-14,2342.7,31.0,49631.0,22992.7,46.327,Exit Trigger,194 days
472,TITAN,Long Closed,2022-01-12,2641.0,2022-02-17,2509.5,18.0,47538.0,-2367.0,-4.979,Exit Trigger,36 days
473,TITAN,Long Closed,2022-03-22,2716.25,2022-04-26,2460.0,18.0,48892.5,-4612.5,-9.434,Exit Trigger,35 days
474,HEROMOTOCO,Long Closed,2002-11-27,287.05,2003-01-15,246.0,174.0,49946.698,-7142.7,-14.301,Exit Trigger,49 days
475,HEROMOTOCO,Long Closed,2003-05-20,225.9,2004-04-01,475.0,221.0,49923.899,55051.1,110.27,Exit Trigger,317 days
476,HEROMOTOCO,Long Closed,2004-04-22,502.0,2004-05-12,460.05,99.0,49698.0,-4153.05,-8.357,Exit Trigger,20 days
477,HEROMOTOCO,Long Closed,2004-06-28,488.0,2004-07-29,428.5,102.0,49776.0,-6069.0,-12.193,Exit Trigger,31 days
478,HEROMOTOCO,Long Closed,2004-09-17,459.0,2004-10-14,427.9,108.0,49572.0,-3358.8,-6.776,Exit Trigger,27 days
479,HEROMOTOCO,Long Closed,2004-11-26,473.0,2005-02-14,554.0,105.0,49665.0,8505.0,17.125,Exit Trigger,80 days
480,HEROMOTOCO,Long Closed,2005-03-14,566.0,2005-04-12,529.75,88.0,49808.0,-3190.0,-6.405,Exit Trigger,29 days
481,HEROMOTOCO,Long Closed,2005-05-23,567.85,2006-04-17,849.4,88.0,49970.798,24776.4,49.582,Exit Trigger,329 days
482,HEROMOTOCO,Long Closed,2006-09-13,771.25,2006-11-09,716.9,64.0,49360.0,-3478.4,-7.047,Exit Trigger,57 days
483,HEROMOTOCO,Long Closed,2006-12-19,742.0,2007-01-31,716.0,67.0,49714.0,-1742.0,-3.504,Exit Trigger,43 days
484,HEROMOTOCO,Long Closed,2007-05-11,685.55,2007-07-02,683.1,72.0,49359.599,-176.4,-0.357,Exit Trigger,52 days
485,HEROMOTOCO,Long Closed,2007-07-25,692.1,2007-08-03,659.85,72.0,49831.198,-2322.0,-4.66,Exit Trigger,9 days
486,HEROMOTOCO,Long Closed,2007-09-25,761.0,2007-11-15,686.0,65.0,49465.0,-4875.0,-9.855,Exit Trigger,51 days
487,HEROMOTOCO,Long Closed,2008-01-08,714.9,2008-01-17,701.0,69.0,49328.102,-959.1,-1.944,Exit Trigger,9 days
488,HEROMOTOCO,Long Closed,2008-02-20,718.0,2008-04-07,762.0,69.0,49542.0,3036.0,6.128,Exit Trigger,47 days
489,HEROMOTOCO,Long Closed,2008-04-24,760.0,2008-06-17,766.0,65.0,49400.0,390.0,0.789,Exit Trigger,54 days
490,HEROMOTOCO,Long Closed,2008-08-08,822.0,2008-10-29,755.0,60.0,49320.0,-4020.0,-8.151,Exit Trigger,82 days
491,HEROMOTOCO,Long Closed,2008-12-22,821.0,2009-08-27,1494.0,60.0,49260.0,40380.0,81.973,Exit Trigger,248 days
492,HEROMOTOCO,Long Closed,2009-09-17,1685.0,2009-11-09,1515.0,29.0,48865.0,-4930.0,-10.089,Exit Trigger,53 days
493,HEROMOTOCO,Long Closed,2009-12-03,1709.0,2010-01-27,1609.8,29.0,49561.0,-2876.8,-5.805,Exit Trigger,55 days
494,HEROMOTOCO,Long Closed,2010-03-03,1810.0,2010-05-11,1915.0,27.0,48870.0,2835.0,5.801,Exit Trigger,69 days
495,HEROMOTOCO,Long Closed,2010-06-15,2010.0,2010-07-29,1852.0,24.0,48240.0,-3792.0,-7.861,Exit Trigger,44 days
496,HEROMOTOCO,Long Closed,2010-10-13,1878.45,2010-12-20,1770.0,26.0,48839.699,-2819.7,-5.773,Exit Trigger,68 days
497,HEROMOTOCO,Long Closed,2011-01-06,1918.55,2011-01-27,1795.0,26.0,49882.301,-3212.3,-6.44,Exit Trigger,21 days
498,HEROMOTOCO,Long Closed,2011-04-07,1680.0,2011-08-08,1745.0,29.0,48720.0,1885.0,3.869,Exit Trigger,123 days
499,HEROMOTOCO,Long Closed,2011-08-17,1890.5,2011-10-19,2060.0,26.0,49153.0,4407.0,8.966,Exit Trigger,63 days
500,HEROMOTOCO,Long Closed,2011-11-15,2205.0,2011-12-19,1906.0,22.0,48510.0,-6578.0,-13.56,Exit Trigger,34 days
501,HEROMOTOCO,Long Closed,2012-02-14,2012.1,2012-03-26,2023.85,24.0,48290.399,282.0,0.584,Exit Trigger,41 days
502,HEROMOTOCO,Long Closed,2012-04-09,2000.0,2012-05-22,1877.0,25.0,50000.0,-3075.0,-6.15,Exit Trigger,43 days
503,HEROMOTOCO,Long Closed,2012-06-29,2097.0,2012-08-13,1912.0,23.0,48231.0,-4255.0,-8.822,Exit Trigger,45 days
504,HEROMOTOCO,Long Closed,2012-11-09,1920.95,2012-12-06,1828.0,26.0,49944.699,-2416.7,-4.839,Exit Trigger,27 days
505,HEROMOTOCO,Long Closed,2012-12-24,1910.0,2013-01-24,1779.0,26.0,49660.0,-3406.0,-6.859,Exit Trigger,31 days
506,HEROMOTOCO,Long Closed,2013-05-16,1702.25,2013-06-28,1640.0,29.0,49365.25,-1805.25,-3.657,Exit Trigger,43 days
507,HEROMOTOCO,Long Closed,2013-07-22,1774.8,2013-12-05,2051.0,28.0,49694.401,7733.6,15.562,Exit Trigger,136 days
508,HEROMOTOCO,Long Closed,2013-12-13,2120.1,2013-12-18,2074.9,23.0,48762.302,-1039.6,-2.132,Exit Trigger,5 days
509,HEROMOTOCO,Long Closed,2013-12-19,2126.0,2014-01-24,2049.0,23.0,48898.0,-1771.0,-3.622,Exit Trigger,36 days
510,HEROMOTOCO,Long Closed,2014-03-24,2066.2,2014-07-31,2581.2,24.0,49588.799,12360.0,24.925,Exit Trigger,129 days
511,HEROMOTOCO,Long Closed,2014-08-21,2532.0,2015-01-14,2909.0,19.0,48108.0,7163.0,14.889,Exit Trigger,146 days
512,HEROMOTOCO,Long Closed,2015-06-02,2692.25,2015-08-31,2380.0,18.0,48460.5,-5620.5,-11.598,Exit Trigger,90 days
513,HEROMOTOCO,Long Closed,2015-10-21,2658.9,2016-01-18,2438.0,18.0,47860.198,-3976.2,-8.308,Exit Trigger,89 days
514,HEROMOTOCO,Long Closed,2016-03-02,2715.0,2016-05-24,2884.7,18.0,48870.0,3054.6,6.25,Exit Trigger,83 days
515,HEROMOTOCO,Long Closed,2016-06-01,3123.7,2016-10-25,3337.0,16.0,49979.199,3412.8,6.828,Exit Trigger,146 days
516,HEROMOTOCO,Long Closed,2017-02-03,3228.0,2017-04-25,3233.0,15.0,48420.0,75.0,0.155,Exit Trigger,81 days
517,HEROMOTOCO,Long Closed,2017-05-09,3419.95,2017-07-31,3629.9,14.0,47879.299,2939.3,6.139,Exit Trigger,83 days
518,HEROMOTOCO,Long Closed,2017-08-08,3957.0,2017-10-05,3796.0,12.0,47484.0,-1932.0,-4.069,Exit Trigger,58 days
519,HEROMOTOCO,Long Closed,2018-01-08,3773.0,2018-02-07,3618.9,13.0,49049.0,-2003.3,-4.084,Exit Trigger,30 days
520,HEROMOTOCO,Long Closed,2018-04-09,3784.0,2018-05-23,3494.5,13.0,49192.0,-3763.5,-7.651,Exit Trigger,44 days
521,HEROMOTOCO,Long Closed,2018-06-29,3520.5,2018-07-02,3480.0,14.0,49287.0,-567.0,-1.15,Exit Trigger,3 days
522,HEROMOTOCO,Long Closed,2018-11-30,3025.0,2019-01-21,2901.0,16.0,48400.0,-1984.0,-4.099,Exit Trigger,52 days
523,HEROMOTOCO,Long Closed,2019-05-31,2737.7,2019-07-08,2499.0,18.0,49278.599,-4296.6,-8.719,Exit Trigger,38 days
524,HEROMOTOCO,Long Closed,2019-08-28,2597.75,2019-10-31,2695.0,19.0,49357.25,1847.75,3.744,Exit Trigger,64 days
525,HEROMOTOCO,Long Closed,2020-01-29,2484.0,2020-02-25,2190.2,20.0,49680.0,-5876.0,-11.828,Exit Trigger,27 days
526,HEROMOTOCO,Long Closed,2020-05-08,2040.0,2020-11-11,2980.0,24.0,48960.0,22560.0,46.078,Exit Trigger,187 days
527,HEROMOTOCO,Long Closed,2020-12-14,3214.0,2021-03-22,3131.6,15.0,48210.0,-1236.0,-2.564,Exit Trigger,98 days
528,HEROMOTOCO,Long Closed,2021-06-04,3005.0,2021-07-13,2919.0,16.0,48080.0,-1376.0,-2.862,Exit Trigger,39 days
529,HEROMOTOCO,Long Closed,2021-09-24,2850.0,2021-11-02,2695.0,17.0,48450.0,-2635.0,-5.439,Exit Trigger,39 days
530,HEROMOTOCO,Long Closed,2022-01-21,2703.7,2022-03-09,2266.0,18.0,48666.599,-7878.6,-16.189,Exit Trigger,47 days
531,TATAMOTORS,Long Closed,1996-02-09,81.75,1996-08-12,96.01,611.0,49949.012,8712.86,17.444,Exit Trigger,185 days
532,TATAMOTORS,Long Closed,1997-01-20,66.11,1997-02-11,61.23,756.0,49981.093,-3689.28,-7.381,Exit Trigger,22 days
533,TATAMOTORS,Long Closed,1997-03-06,76.65,1997-07-31,74.74,652.0,49977.258,-1245.32,-2.492,Exit Trigger,147 days
534,TATAMOTORS,Long Closed,1998-03-19,48.96,1998-05-15,52.51,1021.0,49989.81,3624.55,7.251,Exit Trigger,57 days
535,TATAMOTORS,Long Closed,1998-09-23,28.13,1998-10-16,21.63,1777.0,49989.445,-11550.5,-23.106,Exit Trigger,23 days
536,TATAMOTORS,Long Closed,1998-11-25,25.03,1999-03-02,33.78,1997.0,49978.832,17473.75,34.962,Exit Trigger,97 days
537,TATAMOTORS,Long Closed,1999-05-24,33.92,1999-10-07,49.25,1474.0,49996.042,22596.42,45.196,Exit Trigger,136 days
538,TATAMOTORS,Long Closed,2000-01-19,48.1,2000-02-07,34.13,1039.0,49975.153,-14514.83,-29.044,Exit Trigger,19 days
539,TATAMOTORS,Long Closed,2000-06-01,23.76,2000-06-05,23.36,2104.0,49995.656,-841.6,-1.683,Exit Trigger,4 days
540,TATAMOTORS,Long Closed,2000-07-05,24.66,2000-07-11,25.11,2027.0,49991.611,912.15,1.825,Exit Trigger,6 days
541,TATAMOTORS,Long Closed,2000-11-27,17.06,2001-03-15,14.08,2931.0,49988.564,-8734.38,-17.473,Exit Trigger,108 days
542,TATAMOTORS,Long Closed,2001-05-14,14.41,2001-06-25,11.63,3469.0,49990.443,-9643.82,-19.291,Exit Trigger,42 days
543,TATAMOTORS,Long Closed,2001-08-03,13.41,2001-09-19,12.82,3727.0,49994.502,-2198.93,-4.398,Exit Trigger,47 days
544,TATAMOTORS,Long Closed,2001-10-26,15.74,2002-03-27,22.66,3176.0,49998.03,21977.92,43.958,Exit Trigger,152 days
545,TATAMOTORS,Long Closed,2002-05-07,25.68,2002-06-10,26.7,1947.0,49996.038,1985.94,3.972,Exit Trigger,34 days
546,TATAMOTORS,Long Closed,2002-06-17,29.8,2002-08-06,24.92,1677.0,49972.181,-8183.76,-16.377,Exit Trigger,50 days
547,TATAMOTORS,Long Closed,2002-09-20,25.08,2002-10-08,25.58,1993.0,49993.301,996.5,1.993,Exit Trigger,18 days
548,TATAMOTORS,Long Closed,2002-10-24,26.3,2003-01-27,30.26,1901.0,49998.768,7527.96,15.056,Exit Trigger,95 days
549,TATAMOTORS,Long Closed,2003-02-28,31.7,2003-03-10,29.68,1577.0,49984.121,-3185.54,-6.373,Exit Trigger,10 days
550,TATAMOTORS,Long Closed,2003-04-14,30.83,2003-05-02,29.03,1621.0,49980.881,-2917.8,-5.838,Exit Trigger,18 days
551,TATAMOTORS,Long Closed,2003-05-26,32.78,2004-03-19,86.62,1525.0,49987.084,82106.0,164.254,Exit Trigger,298 days
552,TATAMOTORS,Long Closed,2004-04-27,97.73,2004-05-13,80.94,511.0,49940.85,-8579.69,-17.18,Exit Trigger,16 days
553,TATAMOTORS,Long Closed,2004-07-27,80.48,2004-09-02,75.46,621.0,49981.091,-3117.42,-6.237,Exit Trigger,37 days
554,TATAMOTORS,Long Closed,2004-10-05,81.54,2005-02-01,96.77,613.0,49983.296,9335.99,18.678,Exit Trigger,119 days
555,TATAMOTORS,Long Closed,2005-05-25,85.24,2005-06-23,81.54,586.0,49949.052,-2168.2,-4.341,Exit Trigger,29 days
556,TATAMOTORS,Long Closed,2005-07-18,89.03,2005-11-09,95.8,561.0,49946.715,3797.97,7.604,Exit Trigger,114 days
557,TATAMOTORS,Long Closed,2005-12-02,110.17,2006-05-25,146.09,453.0,49906.301,16271.76,32.605,Exit Trigger,174 days
558,TATAMOTORS,Long Closed,2006-08-18,160.97,2006-11-10,154.26,310.0,49900.606,-2080.1,-4.168,Exit Trigger,84 days
559,TATAMOTORS,Long Closed,2006-12-22,162.24,2007-02-22,164.8,308.0,49971.167,788.48,1.578,Exit Trigger,62 days
560,TATAMOTORS,Long Closed,2007-06-08,129.9,2007-06-11,129.56,384.0,49880.373,-130.56,-0.262,Exit Trigger,3 days
561,TATAMOTORS,Long Closed,2007-07-18,143.72,2007-08-20,126.48,347.0,49871.862,-5982.28,-11.995,Exit Trigger,33 days
562,TATAMOTORS,Long Closed,2007-09-24,143.68,2007-11-19,133.57,347.0,49858.562,-3508.17,-7.036,Exit Trigger,56 days
563,TATAMOTORS,Long Closed,2007-12-31,142.57,2008-01-31,135.87,350.0,49900.608,-2345.0,-4.699,Exit Trigger,31 days
564,TATAMOTORS,Long Closed,2008-05-16,126.09,2008-06-05,103.68,396.0,49932.802,-8874.36,-17.773,Exit Trigger,20 days
565,TATAMOTORS,Long Closed,2008-09-01,83.36,2008-09-29,70.3,599.0,49932.224,-7822.94,-15.667,Exit Trigger,28 days
566,TATAMOTORS,Long Closed,2009-01-06,35.61,2009-02-05,25.98,1404.0,49993.725,-13520.52,-27.044,Exit Trigger,30 days
567,TATAMOTORS,Long Closed,2009-03-23,32.65,2009-07-13,53.21,1531.0,49986.843,31477.36,62.971,Exit Trigger,112 days
568,TATAMOTORS,Long Closed,2009-08-05,87.26,2010-02-11,133.57,572.0,49915.012,26489.32,53.069,Exit Trigger,190 days
569,TATAMOTORS,Long Closed,2010-03-18,154.88,2010-05-27,139.92,322.0,49870.964,-4817.12,-9.659,Exit Trigger,70 days
570,TATAMOTORS,Long Closed,2010-07-07,151.67,2011-01-18,234.48,329.0,49900.469,27244.49,54.598,Exit Trigger,195 days
571,TATAMOTORS,Long Closed,2011-03-30,245.66,2011-05-20,227.8,203.0,49869.994,-3625.58,-7.27,Exit Trigger,51 days
572,TATAMOTORS,Long Closed,2011-10-14,172.15,2011-12-16,173.54,290.0,49924.512,403.1,0.807,Exit Trigger,63 days
573,TATAMOTORS,Long Closed,2012-01-09,199.71,2012-05-28,267.83,250.0,49926.983,17030.0,34.11,Exit Trigger,140 days
574,TATAMOTORS,Long Closed,2012-08-29,234.48,2012-11-26,259.22,213.0,49945.286,5269.62,10.551,Exit Trigger,89 days
575,TATAMOTORS,Long Closed,2012-12-03,270.1,2013-02-13,305.77,185.0,49969.032,6598.95,13.206,Exit Trigger,72 days
576,TATAMOTORS,Long Closed,2013-05-10,296.92,2013-06-28,272.28,168.0,49881.768,-4139.52,-8.299,Exit Trigger,49 days
577,TATAMOTORS,Long Closed,2013-08-16,314.13,2013-12-27,367.16,159.0,49946.773,8431.77,16.882,Exit Trigger,133 days
578,TATAMOTORS,Long Closed,2014-02-26,392.89,2014-10-28,500.33,127.0,49896.509,13644.88,27.346,Exit Trigger,244 days
579,TATAMOTORS,Long Closed,2014-11-17,514.48,2014-12-19,485.1,97.0,49904.724,-2849.86,-5.711,Exit Trigger,32 days
580,TATAMOTORS,Long Closed,2015-01-23,568.9,2015-03-25,529.82,87.0,49494.127,-3399.96,-6.869,Exit Trigger,61 days
581,TATAMOTORS,Long Closed,2015-10-26,386.45,2015-12-29,392.9,129.0,49852.052,832.05,1.669,Exit Trigger,64 days
582,TATAMOTORS,Long Closed,2016-03-21,367.25,2016-11-08,518.4,136.0,49946.0,20556.4,41.157,Exit Trigger,232 days
583,TATAMOTORS,Long Closed,2017-01-11,520.25,2017-02-27,464.0,96.0,49944.0,-5400.0,-10.812,Exit Trigger,47 days
584,TATAMOTORS,Long Closed,2017-06-07,462.55,2017-07-05,428.9,108.0,49955.399,-3634.2,-7.275,Exit Trigger,28 days
585,TATAMOTORS,Long Closed,2017-10-09,424.0,2017-12-05,404.55,117.0,49608.0,-2275.65,-4.587,Exit Trigger,57 days
586,TATAMOTORS,Long Closed,2018-01-10,438.0,2018-02-06,363.0,114.0,49932.0,-8550.0,-17.123,Exit Trigger,27 days
587,TATAMOTORS,Long Closed,2018-09-12,268.2,2018-10-01,225.0,186.0,49885.202,-8035.2,-16.107,Exit Trigger,19 days
588,TATAMOTORS,Long Closed,2019-01-18,185.65,2019-02-18,162.8,269.0,49939.848,-6146.65,-12.308,Exit Trigger,31 days
589,TATAMOTORS,Long Closed,2019-03-15,180.2,2019-05-23,182.85,277.0,49915.399,734.05,1.471,Exit Trigger,69 days
590,TATAMOTORS,Long Closed,2019-10-10,119.3,2020-02-14,172.0,419.0,49986.701,22081.3,44.174,Exit Trigger,127 days
591,TATAMOTORS,Long Closed,2020-05-21,83.1,2020-10-19,129.8,601.0,49943.099,28066.7,56.197,Exit Trigger,151 days
592,TATAMOTORS,Long Closed,2020-11-17,152.5,2021-04-06,306.15,327.0,49867.5,50243.55,100.754,Exit Trigger,140 days
593,TATAMOTORS,Long Closed,2021-05-25,315.55,2021-07-19,308.95,158.0,49856.898,-1042.8,-2.092,Exit Trigger,55 days
594,TATAMOTORS,Long Closed,2021-09-24,325.1,2021-12-21,452.1,153.0,49740.301,19431.0,39.065,Exit Trigger,88 days
595,TATAMOTORS,Long Closed,2022-01-19,510.0,2022-03-02,452.95,98.0,49980.0,-5590.9,-11.186,Exit Trigger,42 days
596,TATAMOTORS,Long Closed,2022-05-04,437.95,2022-05-10,400.0,114.0,49926.301,-4326.3,-8.665,Exit Trigger,6 days
597,TATAMOTORS,Long Closed,2022-07-19,446.75,2022-09-20,430.6,111.0,49589.25,-1792.65,-3.615,Exit Trigger,63 days
598,BPCL,Long Closed,1996-02-09,22.83,1996-06-17,30.0,2189.0,49982.164,15695.13,31.401,Exit Trigger,129 days
599,BPCL,Long Closed,1996-10-14,22.92,1996-12-12,22.5,2181.0,49981.249,-916.02,-1.833,Exit Trigger,59 days
600,BPCL,Long Closed,1997-01-02,23.67,1997-08-27,37.08,2112.0,49992.801,28321.92,56.652,Exit Trigger,237 days
601,BPCL,Long Closed,1997-10-15,37.75,1997-11-05,35.42,1324.0,49981.0,-3084.92,-6.172,Exit Trigger,21 days
602,BPCL,Long Closed,1998-01-15,32.92,1998-01-30,28.96,1518.0,49967.496,-6011.28,-12.03,Exit Trigger,15 days
603,BPCL,Long Closed,1998-03-19,30.83,1998-05-26,30.83,1621.0,49974.079,0.0,0.0,Exit Trigger,68 days
604,BPCL,Long Closed,1998-11-10,21.67,1998-12-15,20.23,2307.0,49984.999,-3322.08,-6.646,Exit Trigger,35 days
605,BPCL,Long Closed,1999-05-21,22.58,1999-08-12,18.83,2214.0,49999.497,-8302.5,-16.605,Exit Trigger,83 days
606,BPCL,Long Closed,1999-09-13,23.11,2000-01-25,29.17,2163.0,49992.336,13107.78,26.22,Exit Trigger,134 days
607,BPCL,Long Closed,2000-06-14,18.33,2000-07-25,15.5,2727.0,49994.997,-7717.41,-15.436,Exit Trigger,41 days
608,BPCL,Long Closed,2000-09-27,15.0,2000-10-09,12.82,3333.0,49995.0,-7265.94,-14.533,Exit Trigger,12 days
609,BPCL,Long Closed,2000-11-13,15.83,2001-04-04,30.17,3157.0,49985.832,45271.38,90.568,Exit Trigger,142 days
610,BPCL,Long Closed,2001-04-19,38.33,2001-06-08,28.81,1304.0,49975.801,-12414.08,-24.84,Exit Trigger,50 days
611,BPCL,Long Closed,2001-10-25,27.4,2002-04-26,46.69,1824.0,49977.599,35184.96,70.401,Exit Trigger,183 days
612,BPCL,Long Closed,2002-07-10,47.33,2002-09-04,44.61,1056.0,49983.999,-2872.32,-5.746,Exit Trigger,56 days
613,BPCL,Long Closed,2002-12-12,34.83,2003-02-07,33.66,1435.0,49973.876,-1678.95,-3.36,Exit Trigger,57 days
614,BPCL,Long Closed,2003-03-10,35.82,2003-08-06,45.0,1395.0,49964.249,12806.1,25.631,Exit Trigger,149 days
615,BPCL,Long Closed,2003-08-22,50.55,2003-11-04,58.33,989.0,49993.949,7694.42,15.391,Exit Trigger,74 days
616,BPCL,Long Closed,2003-11-20,58.65,2004-02-25,75.5,852.0,49969.801,14356.2,28.73,Exit Trigger,97 days
617,BPCL,Long Closed,2004-03-05,80.67,2004-03-12,77.17,619.0,49932.665,-2166.5,-4.339,Exit Trigger,7 days
618,BPCL,Long Closed,2004-03-24,74.67,2004-04-02,82.5,669.0,49951.998,5238.27,10.487,Exit Trigger,9 days
619,BPCL,Long Closed,2004-04-15,83.5,2004-05-13,55.83,598.0,49933.0,-16546.66,-33.138,Exit Trigger,28 days
620,BPCL,Long Closed,2004-08-20,56.33,2004-10-29,59.0,887.0,49967.666,2368.29,4.74,Exit Trigger,70 days
621,BPCL,Long Closed,2004-11-09,65.0,2005-02-01,71.17,769.0,49985.0,4744.73,9.492,Exit Trigger,84 days
622,BPCL,Long Closed,2005-02-24,70.3,2005-03-04,68.29,711.0,49983.302,-1429.11,-2.859,Exit Trigger,8 days
623,BPCL,Long Closed,2005-05-25,65.83,2005-06-30,60.97,759.0,49967.502,-3688.74,-7.382,Exit Trigger,36 days
624,BPCL,Long Closed,2005-07-29,60.82,2005-08-29,61.68,822.0,49991.299,706.92,1.414,Exit Trigger,31 days
625,BPCL,Long Closed,2005-09-29,69.33,2006-03-10,70.23,721.0,49989.335,648.9,1.298,Exit Trigger,162 days
626,BPCL,Long Closed,2006-04-18,75.83,2006-05-30,68.34,659.0,49974.168,-4935.91,-9.877,Exit Trigger,42 days
627,BPCL,Long Closed,2006-08-29,60.09,2006-11-23,62.32,832.0,49996.267,1855.36,3.711,Exit Trigger,86 days
628,BPCL,Long Closed,2007-01-24,59.33,2007-02-28,50.17,842.0,49958.666,-7712.72,-15.438,Exit Trigger,35 days
629,BPCL,Long Closed,2007-04-25,53.83,2007-06-22,61.67,928.0,49957.332,7275.52,14.563,Exit Trigger,58 days
630,BPCL,Long Closed,2007-09-26,58.12,2008-02-01,61.65,860.0,49980.332,3035.8,6.074,Exit Trigger,128 days
631,BPCL,Long Closed,2008-03-10,72.0,2008-04-03,69.33,694.0,49968.0,-1852.98,-3.708,Exit Trigger,24 days
632,BPCL,Long Closed,2008-08-04,55.5,2008-11-06,52.32,900.0,49950.0,-2862.0,-5.73,Exit Trigger,94 days
633,BPCL,Long Closed,2008-12-11,55.33,2009-03-19,56.5,903.0,49965.999,1056.51,2.114,Exit Trigger,98 days
634,BPCL,Long Closed,2009-04-30,64.33,2009-10-30,83.34,777.0,49987.002,14770.77,29.549,Exit Trigger,183 days
635,BPCL,Long Closed,2009-12-04,100.82,2010-02-03,95.02,495.0,49908.373,-2871.0,-5.753,Exit Trigger,61 days
636,BPCL,Long Closed,2010-05-18,90.94,2010-10-22,120.19,549.0,49926.974,16058.25,32.163,Exit Trigger,157 days
637,BPCL,Long Closed,2011-04-08,101.42,2011-06-13,101.83,493.0,49998.415,202.13,0.404,Exit Trigger,66 days
638,BPCL,Long Closed,2011-07-08,109.78,2011-09-20,110.83,455.0,49947.626,477.75,0.957,Exit Trigger,74 days
639,BPCL,Long Closed,2012-02-01,95.0,2012-08-09,117.87,526.0,49970.0,12029.62,24.074,Exit Trigger,190 days
640,BPCL,Long Closed,2012-10-11,117.0,2012-11-06,113.32,427.0,49959.0,-1571.36,-3.145,Exit Trigger,26 days
641,BPCL,Long Closed,2012-12-20,118.98,2013-03-06,131.23,420.0,49972.999,5145.0,10.296,Exit Trigger,76 days
642,BPCL,Long Closed,2013-04-29,137.1,2013-06-07,124.0,364.0,49904.402,-4768.4,-9.555,Exit Trigger,39 days
643,BPCL,Long Closed,2013-10-01,109.52,2013-12-05,118.33,456.0,49939.598,4017.36,8.044,Exit Trigger,65 days
644,BPCL,Long Closed,2013-12-30,117.67,2014-01-07,110.17,424.0,49890.666,-3180.0,-6.374,Exit Trigger,8 days
645,BPCL,Long Closed,2014-02-10,116.73,2014-08-11,190.72,428.0,49961.865,31667.72,63.384,Exit Trigger,182 days
646,BPCL,Long Closed,2014-08-19,219.63,2014-10-28,229.67,227.0,49856.766,2279.08,4.571,Exit Trigger,70 days
647,BPCL,Long Closed,2014-10-31,234.67,2014-12-18,216.7,213.0,49984.001,-3827.61,-7.658,Exit Trigger,48 days
648,BPCL,Long Closed,2015-02-04,241.67,2015-05-15,253.27,206.0,49783.334,2389.6,4.8,Exit Trigger,100 days
649,BPCL,Long Closed,2015-06-03,282.4,2015-08-27,286.67,177.0,49984.799,755.79,1.512,Exit Trigger,85 days
650,BPCL,Long Closed,2015-10-21,304.0,2016-01-04,296.3,164.0,49856.0,-1262.8,-2.533,Exit Trigger,75 days
651,BPCL,Long Closed,2016-03-31,301.3,2016-12-05,403.27,165.0,49714.498,16825.05,33.843,Exit Trigger,249 days
652,BPCL,Long Closed,2017-01-16,441.77,2017-03-14,424.0,113.0,49919.633,-2008.01,-4.022,Exit Trigger,57 days
653,BPCL,Long Closed,2017-04-21,482.97,2017-06-16,451.4,103.0,49745.568,-3251.71,-6.537,Exit Trigger,56 days
654,BPCL,Long Closed,2017-08-02,485.6,2017-10-05,482.1,102.0,49531.201,-357.0,-0.721,Exit Trigger,64 days
655,BPCL,Long Closed,2017-11-02,544.9,2017-12-08,498.5,91.0,49585.902,-4222.4,-8.515,Exit Trigger,36 days
656,BPCL,Long Closed,2017-12-29,523.25,2018-01-18,480.1,95.0,49708.75,-4099.25,-8.247,Exit Trigger,20 days
657,BPCL,Long Closed,2018-06-14,419.9,2018-07-11,375.9,119.0,49968.099,-5236.0,-10.479,Exit Trigger,27 days
658,BPCL,Long Closed,2018-12-04,322.0,2019-02-06,337.95,155.0,49910.0,2472.25,4.953,Exit Trigger,64 days
659,BPCL,Long Closed,2019-03-14,388.95,2019-05-03,384.95,128.0,49785.602,-512.0,-1.028,Exit Trigger,50 days
660,BPCL,Long Closed,2019-05-27,393.0,2019-07-09,362.0,127.0,49911.0,-3937.0,-7.888,Exit Trigger,43 days
661,BPCL,Long Closed,2019-09-13,385.5,2019-12-11,485.0,129.0,49729.5,12835.5,25.811,Exit Trigger,89 days
662,BPCL,Long Closed,2020-06-12,355.25,2020-09-09,406.0,140.0,49735.0,7105.0,14.286,Exit Trigger,89 days
663,BPCL,Long Closed,2020-11-23,386.0,2021-04-15,409.0,129.0,49794.0,2967.0,5.959,Exit Trigger,143 days
664,BPCL,Long Closed,2021-05-21,463.0,2021-07-15,449.3,107.0,49541.0,-1465.9,-2.959,Exit Trigger,55 days
665,BPCL,Long Closed,2021-09-01,473.25,2021-09-30,439.8,105.0,49691.25,-3512.25,-7.068,Exit Trigger,29 days
666,BPCL,Long Closed,2022-01-24,381.4,2022-02-11,369.65,131.0,49963.399,-1539.25,-3.081,Exit Trigger,18 days
667,BPCL,Long Closed,2022-04-08,382.8,2022-05-18,336.45,130.0,49763.998,-6025.5,-12.108,Exit Trigger,40 days
